{,"""",c,o,n,t,a,i,n,e,r,_,t,y,p,e,"""",:, ,"""",P,u,b,l,i,c,a,t,i,o,n,"""",",", ,"""",s,o,u,r,c,e,"""",:, ,"""",P,U,B,L,I,C,A,T,I,O,N,_,S,E,A,R,C,H,_,S,N,I,P,P,E,T,"""",",", ,"""",b,i,b,"""",:, ,{,"""",t,i,t,l,e,"""",:, ,"""",T,h,e, ,o,u,t,l,o,o,k, ,f,o,r, ,i,m,p,r,o,v,e,d, ,c,a,r,b,o,n, ,c,a,p,t,u,r,e, ,t,e,c,h,n,o,l,o,g,y,"""",",", ,"""",a,u,t,h,o,r,"""",:, ,[,"""",E,S, ,R,u,b,i,n,"""",",", ,"""",H, ,M,a,n,t,r,i,p,r,a,g,a,d,a,"""",",", ,"""",A, ,M,a,r,k,s,"""",],",", ,"""",p,u,b,_,y,e,a,r,"""",:, ,"""",2,0,1,2,"""",",", ,"""",v,e,n,u,e,"""",:, ,"""",P,r,o,g,r,e,s,s, ,i,n, ,e,n,e,r,g,y, ,a,n,d, ,\,u,2,0,2,6,"""",",", ,"""",a,b,s,t,r,a,c,t,"""",:, ,"""",R,e,v,i,e,w, ,a,n,d, ,s,u,m,m,a,r,i,z,e, ,c,u,r,r,e,n,t, ,r,e,s,e,a,r,c,h, ,o,n, ,c,a,r,b,o,n, ,c,a,p,t,u,r,e, ,i,n, ,t,h,e, ,U,n,i,t,e,d, ,S,t,a,t,e,s, ,a,n,d, , ,e,l,s,e,w,h,e,r,e, ,t,o, ,a,s,s,e,s,s, ,t,h,e, ,l,i,k,e,l,y, ,e,v,o,l,u,t,i,o,n, ,o,f, ,C,O, ,2, ,c,a,p,t,u,r,e, ,t,e,c,h,n,o,l,o,g,i,e,s, ,a,n,d, ,t,h,e, ,p,o,t,e,n,t,i,a,l, ,f,o,r, ,n,e,w, ,\,u,2,0,1,c,"""",},",", ,"""",f,i,l,l,e,d,"""",:, ,f,a,l,s,e,",", ,"""",g,s,r,a,n,k,"""",:, ,2,",", ,"""",p,u,b,_,u,r,l,"""",:, ,"""",h,t,t,p,s,:,/,/,w,w,w,.,s,c,i,e,n,c,e,d,i,r,e,c,t,.,c,o,m,/,s,c,i,e,n,c,e,/,a,r,t,i,c,l,e,/,p,i,i,/,S,0,3,6,0,1,2,8,5,1,2,0,0,0,1,8,4,"""",",", ,"""",a,u,t,h,o,r,_,i,d,"""",:, ,[,"""","""",",", ,"""","""",",", ,"""","""",],",", ,"""",u,r,l,_,s,c,h,o,l,a,r,b,i,b,"""",:, ,"""",/,s,c,h,o,l,a,r,?,h,l,=,e,n,&,q,=,i,n,f,o,:,2,d,J,a,J,n,h,6,Z,3,o,J,:,s,c,h,o,l,a,r,.,g,o,o,g,l,e,.,c,o,m,/,&,o,u,t,p,u,t,=,c,i,t,e,&,s,c,i,r,p,=,1,&,h,l,=,e,n,"""",",", ,"""",u,r,l,_,a,d,d,_,s,c,l,i,b,"""",:, ,"""",/,c,i,t,a,t,i,o,n,s,?,h,l,=,e,n,&,x,s,r,f,=,&,c,o,n,t,i,n,u,e,=,/,s,c,h,o,l,a,r,%,3,F,q,%,3,D,c,a,r,b,o,n,%,2,B,c,a,p,t,u,r,e,%,2,6,h,l,%,3,D,e,n,%,2,6,a,s,_,s,d,t,%,3,D,0,",",3,3,&,c,i,t,i,l,m,=,1,&,u,p,d,a,t,e,_,o,p,=,l,i,b,r,a,r,y,_,a,d,d,&,i,n,f,o,=,2,d,J,a,J,n,h,6,Z,3,o,J,&,e,i,=,U,X,N,1,Z,P,f,k,G,u,3,A,s,Q,K,E,x,J,C,4,C,g,&,j,s,o,n,=,"""",",", ,"""",n,u,m,_,c,i,t,a,t,i,o,n,s,"""",:, ,5,5,1,",", ,"""",c,i,t,e,d,b,y,_,u,r,l,"""",:, ,"""",/,s,c,h,o,l,a,r,?,c,i,t,e,s,=,8,8,2,0,1,5,3,0,5,1,6,8,6,5,5,6,3,7,7,&,a,s,_,s,d,t,=,5,",",3,3,&,s,c,i,o,d,t,=,0,",",3,3,&,h,l,=,e,n,"""",",", ,"""",u,r,l,_,r,e,l,a,t,e,d,_,a,r,t,i,c,l,e,s,"""",:, ,"""",/,s,c,h,o,l,a,r,?,q,=,r,e,l,a,t,e,d,:,2,d,J,a,J,n,h,6,Z,3,o,J,:,s,c,h,o,l,a,r,.,g,o,o,g,l,e,.,c,o,m,/,&,s,c,i,o,q,=,c,a,r,b,o,n,+,c,a,p,t,u,r,e,&,h,l,=,e,n,&,a,s,_,s,d,t,=,0,",",3,3,"""",",", ,"""",e,p,r,i,n,t,_,u,r,l,"""",:, ,"""",h,t,t,p,s,:,/,/,w,w,w,.,c,m,u,.,e,d,u,/,e,p,p,/,i,e,c,m,/,r,u,b,i,n,/,P,D,F,%,2,0,f,i,l,e,s,/,2,0,1,2,/,T,h,e,%,2,0,O,u,t,l,o,o,k,%,2,0,f,o,r,%,2,0,i,m,p,r,o,v,e,d,%,2,0,c,a,r,b,o,n,%,2,0,c,a,p,t,u,r,e,%,2,0,t,e,c,h,n,o,l,o,g,y,_,P,E,C,S,_,2,0,1,2,.,p,d,f,"""",}
{,"""",c,o,n,t,a,i,n,e,r,_,t,y,p,e,"""",:, ,"""",P,u,b,l,i,c,a,t,i,o,n,"""",",", ,"""",s,o,u,r,c,e,"""",:, ,"""",P,U,B,L,I,C,A,T,I,O,N,_,S,E,A,R,C,H,_,S,N,I,P,P,E,T,"""",",", ,"""",b,i,b,"""",:, ,{,"""",t,i,t,l,e,"""",:, ,"""",C,a,r,b,o,n, ,c,a,p,t,u,r,e,"""",",", ,"""",a,u,t,h,o,r,"""",:, ,[,"""",J, ,W,i,l,c,o,x,"""",],",", ,"""",p,u,b,_,y,e,a,r,"""",:, ,"""",2,0,1,2,"""",",", ,"""",v,e,n,u,e,"""",:, ,"""",N,A,"""",",", ,"""",a,b,s,t,r,a,c,t,"""",:, ,"""",f,o,r, ,i,n,d,u,s,t,r,i,a,l, ,p,e,r,s,o,n,n,e,l, ,e,n,g,a,g,e,d, ,i,n, ,c,a,r,b,o,n, ,c,a,p,t,u,r,e, ,t,e,c,h,n,o,l,o,g,i,e,s, ,i,n, ,a,d,d,i,t,i,o,n, ,t,o, ,g,a,s, , ,c,a,r,b,o,n, , ,c,a,p,t,u,r,e, ,t,e,c,h,n,o,l,o,g,i,e,s,., ,F,i,n,a,l,l,y,",", ,e,n,g,i,n,e,e,r,s, ,e,v,a,l,u,a,t,i,n,g, ,s,e,p,a,r,a,t,i,o,n, ,p,r,o,c,e,s,s,e,s, ,f,o,r, ,c,a,r,b,o,n, ,c,a,p,t,u,r,e,"""",},",", ,"""",f,i,l,l,e,d,"""",:, ,f,a,l,s,e,",", ,"""",g,s,r,a,n,k,"""",:, ,3,",", ,"""",p,u,b,_,u,r,l,"""",:, ,"""",h,t,t,p,s,:,/,/,b,o,o,k,s,.,g,o,o,g,l,e,.,c,o,m,/,b,o,o,k,s,?,h,l,=,e,n,&,l,r,=,&,i,d,=,C,A,h,3,H,F,4,z,6,X,o,C,&,o,i,=,f,n,d,&,p,g,=,P,R,5,&,d,q,=,c,a,r,b,o,n,+,c,a,p,t,u,r,e,&,o,t,s,=,x,f,s,U,c,x,Z,8,L,o,&,s,i,g,=,Z,T,X,_,x,3,8,Z,E,h,Q,N,e,R,p,L,r,C,J,0,e,v,2,Q,1,T,I,"""",",", ,"""",a,u,t,h,o,r,_,i,d,"""",:, ,[,"""",e,L,f,l,Q,g,Q,A,A,A,A,J,"""",],",", ,"""",u,r,l,_,s,c,h,o,l,a,r,b,i,b,"""",:, ,"""",/,s,c,h,o,l,a,r,?,h,l,=,e,n,&,q,=,i,n,f,o,:,S,D,u,d,2,j,O,E,8,l,U,J,:,s,c,h,o,l,a,r,.,g,o,o,g,l,e,.,c,o,m,/,&,o,u,t,p,u,t,=,c,i,t,e,&,s,c,i,r,p,=,2,&,h,l,=,e,n,"""",",", ,"""",u,r,l,_,a,d,d,_,s,c,l,i,b,"""",:, ,"""",/,c,i,t,a,t,i,o,n,s,?,h,l,=,e,n,&,x,s,r,f,=,&,c,o,n,t,i,n,u,e,=,/,s,c,h,o,l,a,r,%,3,F,q,%,3,D,c,a,r,b,o,n,%,2,B,c,a,p,t,u,r,e,%,2,6,h,l,%,3,D,e,n,%,2,6,a,s,_,s,d,t,%,3,D,0,",",3,3,&,c,i,t,i,l,m,=,1,&,u,p,d,a,t,e,_,o,p,=,l,i,b,r,a,r,y,_,a,d,d,&,i,n,f,o,=,S,D,u,d,2,j,O,E,8,l,U,J,&,e,i,=,U,X,N,1,Z,P,f,k,G,u,3,A,s,Q,K,E,x,J,C,4,C,g,&,j,s,o,n,=,"""",",", ,"""",n,u,m,_,c,i,t,a,t,i,o,n,s,"""",:, ,3,8,5,",", ,"""",c,i,t,e,d,b,y,_,u,r,l,"""",:, ,"""",/,s,c,h,o,l,a,r,?,c,i,t,e,s,=,6,1,9,3,1,5,7,7,9,5,8,3,3,7,8,9,2,5,6,&,a,s,_,s,d,t,=,5,",",3,3,&,s,c,i,o,d,t,=,0,",",3,3,&,h,l,=,e,n,"""",",", ,"""",u,r,l,_,r,e,l,a,t,e,d,_,a,r,t,i,c,l,e,s,"""",:, ,"""",/,s,c,h,o,l,a,r,?,q,=,r,e,l,a,t,e,d,:,S,D,u,d,2,j,O,E,8,l,U,J,:,s,c,h,o,l,a,r,.,g,o,o,g,l,e,.,c,o,m,/,&,s,c,i,o,q,=,c,a,r,b,o,n,+,c,a,p,t,u,r,e,&,h,l,=,e,n,&,a,s,_,s,d,t,=,0,",",3,3,"""",}
{,"""",c,o,n,t,a,i,n,e,r,_,t,y,p,e,"""",:, ,"""",P,u,b,l,i,c,a,t,i,o,n,"""",",", ,"""",s,o,u,r,c,e,"""",:, ,"""",P,U,B,L,I,C,A,T,I,O,N,_,S,E,A,R,C,H,_,S,N,I,P,P,E,T,"""",",", ,"""",b,i,b,"""",:, ,{,"""",t,i,t,l,e,"""",:, ,"""",C,a,r,b,o,n, ,c,a,p,t,u,r,e, ,a,n,d, ,u,t,i,l,i,z,a,t,i,o,n, ,u,p,d,a,t,e,"""",",", ,"""",a,u,t,h,o,r,"""",:, ,[,"""",A, ,A,l,\,u,2,0,1,0,M,a,m,o,o,r,i,"""",",", ,"""",A, ,K,r,i,s,h,n,a,m,u,r,t,h,y,"""",],",", ,"""",p,u,b,_,y,e,a,r,"""",:, ,"""",2,0,1,7,"""",",", ,"""",v,e,n,u,e,"""",:, ,"""",E,n,e,r,g,y, ,\,u,2,0,2,6,"""",",", ,"""",a,b,s,t,r,a,c,t,"""",:, ,"""",o,f, ,c,a,p,t,u,r,e, ,c,o,s,t,s, , ,c,a,p,t,u,r,e, ,t,e,c,h,n,o,l,o,g,i,e,s,",", ,t,h,e, ,c,o,s,t, ,o,f, ,c,a,p,t,u,r,e, ,i,s, ,e,s,t,i,m,a,t,e,d, ,t,o, ,b,e, ,a,p,p,r,o,x,i,m,a,t,e,l,y, , ,5,6, ,U,S,D, ,t, ,\,u,2,2,1,2,1, ,",", ,w,h,i,c,h, ,i,n,c,u,r,s, ,a,n, ,e,n,e,r,g,y, ,p,e,n,a,l,t,y, ,o,f, ,6,2, ,%, ,t,o, ,t,h,e, ,p,o,w,e,r, ,p,l,a,n,t,.,1,1, ,C,a,r,b,o,n, ,c,a,p,t,u,r,e,"""",},",", ,"""",f,i,l,l,e,d,"""",:, ,f,a,l,s,e,",", ,"""",g,s,r,a,n,k,"""",:, ,4,",", ,"""",p,u,b,_,u,r,l,"""",:, ,"""",h,t,t,p,s,:,/,/,o,n,l,i,n,e,l,i,b,r,a,r,y,.,w,i,l,e,y,.,c,o,m,/,d,o,i,/,a,b,s,/,1,0,.,1,0,0,2,/,e,n,t,e,.,2,0,1,6,0,0,7,4,7,"""",",", ,"""",a,u,t,h,o,r,_,i,d,"""",:, ,[,"""",D,P,_,6,Q,R,0,A,A,A,A,J,"""",",", ,"""",5,x,x,S,L,k,E,A,A,A,A,J,"""",],",", ,"""",u,r,l,_,s,c,h,o,l,a,r,b,i,b,"""",:, ,"""",/,s,c,h,o,l,a,r,?,h,l,=,e,n,&,q,=,i,n,f,o,:,U,K,t,3,t,x,J,U,D,N,c,J,:,s,c,h,o,l,a,r,.,g,o,o,g,l,e,.,c,o,m,/,&,o,u,t,p,u,t,=,c,i,t,e,&,s,c,i,r,p,=,3,&,h,l,=,e,n,"""",",", ,"""",u,r,l,_,a,d,d,_,s,c,l,i,b,"""",:, ,"""",/,c,i,t,a,t,i,o,n,s,?,h,l,=,e,n,&,x,s,r,f,=,&,c,o,n,t,i,n,u,e,=,/,s,c,h,o,l,a,r,%,3,F,q,%,3,D,c,a,r,b,o,n,%,2,B,c,a,p,t,u,r,e,%,2,6,h,l,%,3,D,e,n,%,2,6,a,s,_,s,d,t,%,3,D,0,",",3,3,&,c,i,t,i,l,m,=,1,&,u,p,d,a,t,e,_,o,p,=,l,i,b,r,a,r,y,_,a,d,d,&,i,n,f,o,=,U,K,t,3,t,x,J,U,D,N,c,J,&,e,i,=,U,X,N,1,Z,P,f,k,G,u,3,A,s,Q,K,E,x,J,C,4,C,g,&,j,s,o,n,=,"""",",", ,"""",n,u,m,_,c,i,t,a,t,i,o,n,s,"""",:, ,4,2,7,",", ,"""",c,i,t,e,d,b,y,_,u,r,l,"""",:, ,"""",/,s,c,h,o,l,a,r,?,c,i,t,e,s,=,1,5,4,9,5,8,5,2,8,5,7,2,3,9,2,5,1,7,9,2,&,a,s,_,s,d,t,=,5,",",3,3,&,s,c,i,o,d,t,=,0,",",3,3,&,h,l,=,e,n,"""",",", ,"""",u,r,l,_,r,e,l,a,t,e,d,_,a,r,t,i,c,l,e,s,"""",:, ,"""",/,s,c,h,o,l,a,r,?,q,=,r,e,l,a,t,e,d,:,U,K,t,3,t,x,J,U,D,N,c,J,:,s,c,h,o,l,a,r,.,g,o,o,g,l,e,.,c,o,m,/,&,s,c,i,o,q,=,c,a,r,b,o,n,+,c,a,p,t,u,r,e,&,h,l,=,e,n,&,a,s,_,s,d,t,=,0,",",3,3,"""",",", ,"""",e,p,r,i,n,t,_,u,r,l,"""",:, ,"""",h,t,t,p,s,:,/,/,o,n,l,i,n,e,l,i,b,r,a,r,y,.,w,i,l,e,y,.,c,o,m,/,d,o,i,/,f,u,l,l,/,1,0,.,1,0,0,2,/,e,n,t,e,.,2,0,1,6,0,0,7,4,7,"""",}
{,"""",c,o,n,t,a,i,n,e,r,_,t,y,p,e,"""",:, ,"""",P,u,b,l,i,c,a,t,i,o,n,"""",",", ,"""",s,o,u,r,c,e,"""",:, ,"""",P,U,B,L,I,C,A,T,I,O,N,_,S,E,A,R,C,H,_,S,N,I,P,P,E,T,"""",",", ,"""",b,i,b,"""",:, ,{,"""",t,i,t,l,e,"""",:, ,"""",O,u,t,l,o,o,k, ,o,f, ,c,a,r,b,o,n, ,c,a,p,t,u,r,e, ,t,e,c,h,n,o,l,o,g,y, ,a,n,d, ,c,h,a,l,l,e,n,g,e,s,"""",",", ,"""",a,u,t,h,o,r,"""",:, ,[,"""",T, ,W,i,l,b,e,r,f,o,r,c,e,"""",",", ,"""",A, ,B,a,r,o,u,t,a,j,i,"""",",", ,"""",B, ,S,o,u,d,a,n,"""",],",", ,"""",p,u,b,_,y,e,a,r,"""",:, ,"""",2,0,1,9,"""",",", ,"""",v,e,n,u,e,"""",:, ,"""",S,c,i,e,n,c,e, ,o,f, ,t,h,e, ,t,o,t,a,l, ,\,u,2,0,2,6,"""",",", ,"""",a,b,s,t,r,a,c,t,"""",:, ,"""",C,a,r,b,o,n, ,C,a,p,t,u,r,e, ,a,n,d, ,S,t,o,r,a,g,e, ,(,C,C,S,), ,t,e,c,h,n,o,l,o,g,y, ,t,h,a,t, ,c,a,n, ,c,a,p,t,u,r,e, ,m,o,r,e, ,t,h,a,n, ,9,0,%, ,o,f, ,c,a,r,b,o,n, , , ,T,h,i,s, ,p,a,p,e,r, ,p,r,e,s,e,n,t,s, ,a,n, ,e,v,a,l,u,a,t,i,o,n, ,o,f, ,s,t,a,t,e,-,o,f,-,t,h,e,-,a,r,t, ,t,e,c,h,n,o,l,o,g,i,e,s, ,u,s,e,d, ,i,n, ,t,h,e, ,c,a,p,t,u,r,i,n,g, ,C,O,"""",},",", ,"""",f,i,l,l,e,d,"""",:, ,f,a,l,s,e,",", ,"""",g,s,r,a,n,k,"""",:, ,5,",", ,"""",p,u,b,_,u,r,l,"""",:, ,"""",h,t,t,p,s,:,/,/,w,w,w,.,s,c,i,e,n,c,e,d,i,r,e,c,t,.,c,o,m,/,s,c,i,e,n,c,e,/,a,r,t,i,c,l,e,/,p,i,i,/,S,0,0,4,8,9,6,9,7,1,8,3,4,7,7,9,X,"""",",", ,"""",a,u,t,h,o,r,_,i,d,"""",:, ,[,"""",O,c,O,n,I,E,c,A,A,A,A,J,"""",",", ,"""",9,r,j,k,m,g,s,A,A,A,A,J,"""",",", ,"""",B,i,u,O,2,y,Y,A,A,A,A,J,"""",],",", ,"""",u,r,l,_,s,c,h,o,l,a,r,b,i,b,"""",:, ,"""",/,s,c,h,o,l,a,r,?,h,l,=,e,n,&,q,=,i,n,f,o,:,Z,D,A,s,Z,0,4,v,1,4,8,J,:,s,c,h,o,l,a,r,.,g,o,o,g,l,e,.,c,o,m,/,&,o,u,t,p,u,t,=,c,i,t,e,&,s,c,i,r,p,=,4,&,h,l,=,e,n,"""",",", ,"""",u,r,l,_,a,d,d,_,s,c,l,i,b,"""",:, ,"""",/,c,i,t,a,t,i,o,n,s,?,h,l,=,e,n,&,x,s,r,f,=,&,c,o,n,t,i,n,u,e,=,/,s,c,h,o,l,a,r,%,3,F,q,%,3,D,c,a,r,b,o,n,%,2,B,c,a,p,t,u,r,e,%,2,6,h,l,%,3,D,e,n,%,2,6,a,s,_,s,d,t,%,3,D,0,",",3,3,&,c,i,t,i,l,m,=,1,&,u,p,d,a,t,e,_,o,p,=,l,i,b,r,a,r,y,_,a,d,d,&,i,n,f,o,=,Z,D,A,s,Z,0,4,v,1,4,8,J,&,e,i,=,U,X,N,1,Z,P,f,k,G,u,3,A,s,Q,K,E,x,J,C,4,C,g,&,j,s,o,n,=,"""",",", ,"""",n,u,m,_,c,i,t,a,t,i,o,n,s,"""",:, ,2,6,8,",", ,"""",c,i,t,e,d,b,y,_,u,r,l,"""",:, ,"""",/,s,c,h,o,l,a,r,?,c,i,t,e,s,=,1,0,3,6,4,8,0,5,0,8,1,2,0,1,3,8,9,6,6,8,&,a,s,_,s,d,t,=,5,",",3,3,&,s,c,i,o,d,t,=,0,",",3,3,&,h,l,=,e,n,"""",",", ,"""",u,r,l,_,r,e,l,a,t,e,d,_,a,r,t,i,c,l,e,s,"""",:, ,"""",/,s,c,h,o,l,a,r,?,q,=,r,e,l,a,t,e,d,:,Z,D,A,s,Z,0,4,v,1,4,8,J,:,s,c,h,o,l,a,r,.,g,o,o,g,l,e,.,c,o,m,/,&,s,c,i,o,q,=,c,a,r,b,o,n,+,c,a,p,t,u,r,e,&,h,l,=,e,n,&,a,s,_,s,d,t,=,0,",",3,3,"""",",", ,"""",e,p,r,i,n,t,_,u,r,l,"""",:, ,"""",h,t,t,p,s,:,/,/,w,l,v,.,o,p,e,n,r,e,p,o,s,i,t,o,r,y,.,c,o,m,/,b,i,t,s,t,r,e,a,m,/,h,a,n,d,l,e,/,2,4,3,6,/,6,2,2,1,2,4,/,O,u,t,l,o,o,k,%,2,0,o,f,%,2,0,C,a,r,b,o,n,%,2,0,C,a,p,t,u,r,e,%,2,0,T,e,c,h,n,o,l,o,g,y,%,2,0,a,n,d,%,2,0,C,h,a,l,l,e,n,g,e,s,.,p,d,f,?,s,e,q,u,e,n,c,e,=,1,&,i,s,A,l,l,o,w,e,d,=,n,"""",}
{,"""",c,o,n,t,a,i,n,e,r,_,t,y,p,e,"""",:, ,"""",P,u,b,l,i,c,a,t,i,o,n,"""",",", ,"""",s,o,u,r,c,e,"""",:, ,"""",P,U,B,L,I,C,A,T,I,O,N,_,S,E,A,R,C,H,_,S,N,I,P,P,E,T,"""",",", ,"""",b,i,b,"""",:, ,{,"""",t,i,t,l,e,"""",:, ,"""",C,a,r,b,o,n, ,c,a,p,t,u,r,e, ,a,n,d, ,s,t,o,r,a,g,e,"""",",", ,"""",a,u,t,h,o,r,"""",:, ,[,"""",J, ,G,i,b,b,i,n,s,"""",",", ,"""",H, ,C,h,a,l,m,e,r,s,"""",],",", ,"""",p,u,b,_,y,e,a,r,"""",:, ,"""",2,0,0,8,"""",",", ,"""",v,e,n,u,e,"""",:, ,"""",E,n,e,r,g,y, ,p,o,l,i,c,y,"""",",", ,"""",a,b,s,t,r,a,c,t,"""",:, ,"""",C,a,p,t,u,r,e,-,r,e,a,d,y, ,p,l,a,n,t,s, ,a,r,e, ,d,e,s,i,g,n,e,d, ,s,o, ,t,h,a,t, ,c,a,p,t,u,r,e, ,e,q,u,i,p,m,e,n,t, ,c,a,n, ,b,e, ,r,e,t,r,o,f,i,t,t,e,d, ,e,a,s,i,l,y, ,l,a,t,e,r,",", , ,w,h,e,n, ,j,u,s,t,i,f,i,e,d, ,b,y, ,t,h,e, ,r,i,s,i,n,g, ,c,o,s,t, ,o,f, ,c,a,r,b,o,n, , ,s,t,u,d,y, ,o,f, ,h,o,w, ,c,a,p,t,u,r,e, ,c,o,u,l,d, ,b,e, ,i,m,p,l,e,m,e,n,t,e,d, ,l,a,t,e,r,"""",},",", ,"""",f,i,l,l,e,d,"""",:, ,f,a,l,s,e,",", ,"""",g,s,r,a,n,k,"""",:, ,6,",", ,"""",p,u,b,_,u,r,l,"""",:, ,"""",h,t,t,p,s,:,/,/,w,w,w,.,s,c,i,e,n,c,e,d,i,r,e,c,t,.,c,o,m,/,s,c,i,e,n,c,e,/,a,r,t,i,c,l,e,/,p,i,i,/,S,0,3,0,1,4,2,1,5,0,8,0,0,4,4,3,6,"""",",", ,"""",a,u,t,h,o,r,_,i,d,"""",:, ,[,"""",T,V,8,l,C,P,s,A,A,A,A,J,"""",",", ,"""",v,p,6,W,9,u,0,A,A,A,A,J,"""",],",", ,"""",u,r,l,_,s,c,h,o,l,a,r,b,i,b,"""",:, ,"""",/,s,c,h,o,l,a,r,?,h,l,=,e,n,&,q,=,i,n,f,o,:,a,T,s,T,w,p,F,w,r,Q,c,J,:,s,c,h,o,l,a,r,.,g,o,o,g,l,e,.,c,o,m,/,&,o,u,t,p,u,t,=,c,i,t,e,&,s,c,i,r,p,=,5,&,h,l,=,e,n,"""",",", ,"""",u,r,l,_,a,d,d,_,s,c,l,i,b,"""",:, ,"""",/,c,i,t,a,t,i,o,n,s,?,h,l,=,e,n,&,x,s,r,f,=,&,c,o,n,t,i,n,u,e,=,/,s,c,h,o,l,a,r,%,3,F,q,%,3,D,c,a,r,b,o,n,%,2,B,c,a,p,t,u,r,e,%,2,6,h,l,%,3,D,e,n,%,2,6,a,s,_,s,d,t,%,3,D,0,",",3,3,&,c,i,t,i,l,m,=,1,&,u,p,d,a,t,e,_,o,p,=,l,i,b,r,a,r,y,_,a,d,d,&,i,n,f,o,=,a,T,s,T,w,p,F,w,r,Q,c,J,&,e,i,=,U,X,N,1,Z,P,f,k,G,u,3,A,s,Q,K,E,x,J,C,4,C,g,&,j,s,o,n,=,"""",",", ,"""",n,u,m,_,c,i,t,a,t,i,o,n,s,"""",:, ,1,0,6,9,",", ,"""",c,i,t,e,d,b,y,_,u,r,l,"""",:, ,"""",/,s,c,h,o,l,a,r,?,c,i,t,e,s,=,5,5,3,2,2,2,1,0,0,5,6,5,0,4,8,1,6,9,&,a,s,_,s,d,t,=,5,",",3,3,&,s,c,i,o,d,t,=,0,",",3,3,&,h,l,=,e,n,"""",",", ,"""",u,r,l,_,r,e,l,a,t,e,d,_,a,r,t,i,c,l,e,s,"""",:, ,"""",/,s,c,h,o,l,a,r,?,q,=,r,e,l,a,t,e,d,:,a,T,s,T,w,p,F,w,r,Q,c,J,:,s,c,h,o,l,a,r,.,g,o,o,g,l,e,.,c,o,m,/,&,s,c,i,o,q,=,c,a,r,b,o,n,+,c,a,p,t,u,r,e,&,h,l,=,e,n,&,a,s,_,s,d,t,=,0,",",3,3,"""",",", ,"""",e,p,r,i,n,t,_,u,r,l,"""",:, ,"""",h,t,t,p,s,:,/,/,u,k,.,a,m,b,a,f,r,a,n,c,e,.,o,r,g,/,I,M,G,/,p,d,f,/,G,i,b,b,i,n,s,-,S,l,i,d,e,s,-,S,e,m,i,n,a,r,.,p,d,f,"""",}
{,"""",c,o,n,t,a,i,n,e,r,_,t,y,p,e,"""",:, ,"""",P,u,b,l,i,c,a,t,i,o,n,"""",",", ,"""",s,o,u,r,c,e,"""",:, ,"""",P,U,B,L,I,C,A,T,I,O,N,_,S,E,A,R,C,H,_,S,N,I,P,P,E,T,"""",",", ,"""",b,i,b,"""",:, ,{,"""",t,i,t,l,e,"""",:, ,"""",C,a,r,b,o,n, ,c,a,p,t,u,r,e, ,a,n,d, ,s,t,o,r,a,g,e, ,u,p,d,a,t,e,"""",",", ,"""",a,u,t,h,o,r,"""",:, ,[,"""",M,E, ,B,o,o,t,-,H,a,n,d,f,o,r,d,"""",",", ,"""",J,C, ,A,b,a,n,a,d,e,s,"""",],",", ,"""",p,u,b,_,y,e,a,r,"""",:, ,"""",2,0,1,4,"""",",", ,"""",v,e,n,u,e,"""",:, ,"""",E,n,e,r,g,y, ,&, ,\,u,2,0,2,6,"""",",", ,"""",a,b,s,t,r,a,c,t,"""",:, ,"""",T,h,i,s, ,p,a,p,e,r, ,d,i,s,c,u,s,s,e,s, ,C,a,r,b,o,n, ,C,a,p,t,u,r,e, ,a,n,d, ,S,t,o,r,a,g,e, ,(,C,C,S,),",", ,a,s, ,o,n,e, ,m,e,t,h,o,d, ,t,o, ,m,i,t,i,g,a,t,e, , , ,C,a,r,b,o,n, ,c,a,p,t,u,r,e, ,a,n,d, ,s,t,o,r,a,g,e, ,r,e,f,e,r,s, ,t,o, ,a, ,n,u,m,b,e,r, ,o,f, ,t,e,c,h,n,o,l,o,g,i,e,s, ,w,h,i,c,h, ,c,a,p,t,u,r,e, ,C,O, ,2, ,a,t, ,s,o,m,e, ,s,t,a,g,e,"""",},",", ,"""",f,i,l,l,e,d,"""",:, ,f,a,l,s,e,",", ,"""",g,s,r,a,n,k,"""",:, ,7,",", ,"""",p,u,b,_,u,r,l,"""",:, ,"""",h,t,t,p,s,:,/,/,p,u,b,s,.,r,s,c,.,o,r,g,/,e,n,/,c,o,n,t,e,n,t,/,a,r,t,i,c,l,e,h,t,m,l,/,2,0,1,3,/,e,e,/,c,3,e,e,4,2,3,5,0,f,"""",",", ,"""",a,u,t,h,o,r,_,i,d,"""",:, ,[,"""",2,_,x,_,5,F,0,A,A,A,A,J,"""",",", ,"""",l,B,a,_,F,T,s,A,A,A,A,J,"""",],",", ,"""",u,r,l,_,s,c,h,o,l,a,r,b,i,b,"""",:, ,"""",/,s,c,h,o,l,a,r,?,h,l,=,e,n,&,q,=,i,n,f,o,:,L,o,L,o,J,d,d,a,Q,6,E,J,:,s,c,h,o,l,a,r,.,g,o,o,g,l,e,.,c,o,m,/,&,o,u,t,p,u,t,=,c,i,t,e,&,s,c,i,r,p,=,6,&,h,l,=,e,n,"""",",", ,"""",u,r,l,_,a,d,d,_,s,c,l,i,b,"""",:, ,"""",/,c,i,t,a,t,i,o,n,s,?,h,l,=,e,n,&,x,s,r,f,=,&,c,o,n,t,i,n,u,e,=,/,s,c,h,o,l,a,r,%,3,F,q,%,3,D,c,a,r,b,o,n,%,2,B,c,a,p,t,u,r,e,%,2,6,h,l,%,3,D,e,n,%,2,6,a,s,_,s,d,t,%,3,D,0,",",3,3,&,c,i,t,i,l,m,=,1,&,u,p,d,a,t,e,_,o,p,=,l,i,b,r,a,r,y,_,a,d,d,&,i,n,f,o,=,L,o,L,o,J,d,d,a,Q,6,E,J,&,e,i,=,U,X,N,1,Z,P,f,k,G,u,3,A,s,Q,K,E,x,J,C,4,C,g,&,j,s,o,n,=,"""",",", ,"""",n,u,m,_,c,i,t,a,t,i,o,n,s,"""",:, ,2,0,6,8,",", ,"""",c,i,t,e,d,b,y,_,u,r,l,"""",:, ,"""",/,s,c,h,o,l,a,r,?,c,i,t,e,s,=,1,1,6,2,0,2,3,1,3,4,3,6,4,6,4,7,4,7,9,8,&,a,s,_,s,d,t,=,5,",",3,3,&,s,c,i,o,d,t,=,0,",",3,3,&,h,l,=,e,n,"""",",", ,"""",u,r,l,_,r,e,l,a,t,e,d,_,a,r,t,i,c,l,e,s,"""",:, ,"""",/,s,c,h,o,l,a,r,?,q,=,r,e,l,a,t,e,d,:,L,o,L,o,J,d,d,a,Q,6,E,J,:,s,c,h,o,l,a,r,.,g,o,o,g,l,e,.,c,o,m,/,&,s,c,i,o,q,=,c,a,r,b,o,n,+,c,a,p,t,u,r,e,&,h,l,=,e,n,&,a,s,_,s,d,t,=,0,",",3,3,"""",",", ,"""",e,p,r,i,n,t,_,u,r,l,"""",:, ,"""",h,t,t,p,s,:,/,/,p,u,b,s,.,r,s,c,.,o,r,g,/,e,n,/,c,o,n,t,e,n,t,/,p,d,f,/,a,r,t,i,c,l,e,/,2,0,1,4,/,e,e,/,c,3,e,e,4,2,3,5,0,f,"""",}
{,"""",c,o,n,t,a,i,n,e,r,_,t,y,p,e,"""",:, ,"""",P,u,b,l,i,c,a,t,i,o,n,"""",",", ,"""",s,o,u,r,c,e,"""",:, ,"""",P,U,B,L,I,C,A,T,I,O,N,_,S,E,A,R,C,H,_,S,N,I,P,P,E,T,"""",",", ,"""",b,i,b,"""",:, ,{,"""",t,i,t,l,e,"""",:, ,"""",C,a,r,b,o,n, ,c,a,p,t,u,r,e, ,a,n,d, ,s,e,q,u,e,s,t,r,a,t,i,o,n,"""",",", ,"""",a,u,t,h,o,r,"""",:, ,[,"""",S, ,C,h,u,"""",],",", ,"""",p,u,b,_,y,e,a,r,"""",:, ,"""",2,0,0,9,"""",",", ,"""",v,e,n,u,e,"""",:, ,"""",S,c,i,e,n,c,e,"""",",", ,"""",a,b,s,t,r,a,c,t,"""",:, ,"""",a,n,d, ,m,e,t,h,a,n,e,",", ,C,O, ,2, ,c,a,p,t,u,r,e, ,b,a,s,e,d, ,o,n, ,p,h,a,s,e, ,s,e,p,a,r,a,t,i,o,n,",", ,a,n,d, , ,c,a,p,t,u,r,e,?, ,S,i,m,i,l,a,r,l,y,",", ,n,a,t,u,r,e, , ,p,r,o,v,i,d,e,s, ,p,r,o,o,f, ,t,h,a,t, ,t,h,e, ,e,n,e,r,g,y, ,p,e,n,a,l,t,y, ,f,o,r, ,r,e,l,e,a,s,i,n,g, ,a,d,s,o,r,b,e,d, ,C,O, ,2, ,i,n, ,p,o,s,t,c,o,m,b,u,s,t,i,o,n, ,c,a,p,t,u,r,e,"""",},",", ,"""",f,i,l,l,e,d,"""",:, ,f,a,l,s,e,",", ,"""",g,s,r,a,n,k,"""",:, ,8,",", ,"""",p,u,b,_,u,r,l,"""",:, ,"""",h,t,t,p,s,:,/,/,w,w,w,.,s,c,i,e,n,c,e,.,o,r,g,/,d,o,i,/,a,b,s,/,1,0,.,1,1,2,6,/,s,c,i,e,n,c,e,.,1,1,8,1,6,3,7,"""",",", ,"""",a,u,t,h,o,r,_,i,d,"""",:, ,[,"""",b,9,B,o,d,2,M,A,A,A,A,J,"""",],",", ,"""",u,r,l,_,s,c,h,o,l,a,r,b,i,b,"""",:, ,"""",/,s,c,h,o,l,a,r,?,h,l,=,e,n,&,q,=,i,n,f,o,:,W,C,V,8,m,d,1,p,j,h,Q,J,:,s,c,h,o,l,a,r,.,g,o,o,g,l,e,.,c,o,m,/,&,o,u,t,p,u,t,=,c,i,t,e,&,s,c,i,r,p,=,7,&,h,l,=,e,n,"""",",", ,"""",u,r,l,_,a,d,d,_,s,c,l,i,b,"""",:, ,"""",/,c,i,t,a,t,i,o,n,s,?,h,l,=,e,n,&,x,s,r,f,=,&,c,o,n,t,i,n,u,e,=,/,s,c,h,o,l,a,r,%,3,F,q,%,3,D,c,a,r,b,o,n,%,2,B,c,a,p,t,u,r,e,%,2,6,h,l,%,3,D,e,n,%,2,6,a,s,_,s,d,t,%,3,D,0,",",3,3,&,c,i,t,i,l,m,=,1,&,u,p,d,a,t,e,_,o,p,=,l,i,b,r,a,r,y,_,a,d,d,&,i,n,f,o,=,W,C,V,8,m,d,1,p,j,h,Q,J,&,e,i,=,U,X,N,1,Z,P,f,k,G,u,3,A,s,Q,K,E,x,J,C,4,C,g,&,j,s,o,n,=,"""",",", ,"""",n,u,m,_,c,i,t,a,t,i,o,n,s,"""",:, ,5,5,5,",", ,"""",c,i,t,e,d,b,y,_,u,r,l,"""",:, ,"""",/,s,c,h,o,l,a,r,?,c,i,t,e,s,=,1,4,8,1,2,3,7,7,2,7,9,3,5,2,1,0,8,4,0,&,a,s,_,s,d,t,=,5,",",3,3,&,s,c,i,o,d,t,=,0,",",3,3,&,h,l,=,e,n,"""",",", ,"""",u,r,l,_,r,e,l,a,t,e,d,_,a,r,t,i,c,l,e,s,"""",:, ,"""",/,s,c,h,o,l,a,r,?,q,=,r,e,l,a,t,e,d,:,W,C,V,8,m,d,1,p,j,h,Q,J,:,s,c,h,o,l,a,r,.,g,o,o,g,l,e,.,c,o,m,/,&,s,c,i,o,q,=,c,a,r,b,o,n,+,c,a,p,t,u,r,e,&,h,l,=,e,n,&,a,s,_,s,d,t,=,0,",",3,3,"""",}
{,"""",c,o,n,t,a,i,n,e,r,_,t,y,p,e,"""",:, ,"""",P,u,b,l,i,c,a,t,i,o,n,"""",",", ,"""",s,o,u,r,c,e,"""",:, ,"""",P,U,B,L,I,C,A,T,I,O,N,_,S,E,A,R,C,H,_,S,N,I,P,P,E,T,"""",",", ,"""",b,i,b,"""",:, ,{,"""",t,i,t,l,e,"""",:, ,"""",C,a,r,b,o,n, ,c,a,p,t,u,r,e, ,a,n,d, ,s,t,o,r,a,g,e,:, ,h,o,w, ,g,r,e,e,n, ,c,a,n, ,b,l,a,c,k, ,b,e,?,"""",",", ,"""",a,u,t,h,o,r,"""",:, ,[,"""",R,S, ,H,a,s,z,e,l,d,i,n,e,"""",],",", ,"""",p,u,b,_,y,e,a,r,"""",:, ,"""",2,0,0,9,"""",",", ,"""",v,e,n,u,e,"""",:, ,"""",S,c,i,e,n,c,e,"""",",", ,"""",a,b,s,t,r,a,c,t,"""",:, ,"""",c,a,r,b,o,n, ,d,i,o,x,i,d,e, ,e,m,i,s,s,i,o,n,s, ,i,n,t,o, ,t,h,e, ,a,t,m,o,s,p,h,e,r,e,., ,T,o, ,c,o,m,m,e,r,c,i,a,l,i,z,e, ,c,a,r,b,o,n, ,c,a,p,t,u,r,e,",", ,a,s, ,w,e,l,l, , ,a,s, ,t,r,a,n,s,p,o,r,t, ,o,f, ,l,i,q,u,i,f,i,e,d, ,c,a,r,b,o,n, , ,U,r,g,e,n,t, ,a,c,t,i,o,n, ,i,s, ,r,e,q,u,i,r,e,d, ,i,f, ,c,a,r,b,o,n, ,c,a,p,t,u,r,e, ,a,n,d, ,s,t,o,r,a,g,e, ,i,s, ,t,o,"""",},",", ,"""",f,i,l,l,e,d,"""",:, ,f,a,l,s,e,",", ,"""",g,s,r,a,n,k,"""",:, ,9,",", ,"""",p,u,b,_,u,r,l,"""",:, ,"""",h,t,t,p,s,:,/,/,w,w,w,.,s,c,i,e,n,c,e,.,o,r,g,/,d,o,i,/,a,b,s,/,1,0,.,1,1,2,6,/,s,c,i,e,n,c,e,.,1,1,7,2,2,4,6,"""",",", ,"""",a,u,t,h,o,r,_,i,d,"""",:, ,[,"""",H,T,3,s,w,Q,M,A,A,A,A,J,"""",],",", ,"""",u,r,l,_,s,c,h,o,l,a,r,b,i,b,"""",:, ,"""",/,s,c,h,o,l,a,r,?,h,l,=,e,n,&,q,=,i,n,f,o,:,C,o,1,0,O,y,C,j,x,i,c,J,:,s,c,h,o,l,a,r,.,g,o,o,g,l,e,.,c,o,m,/,&,o,u,t,p,u,t,=,c,i,t,e,&,s,c,i,r,p,=,8,&,h,l,=,e,n,"""",",", ,"""",u,r,l,_,a,d,d,_,s,c,l,i,b,"""",:, ,"""",/,c,i,t,a,t,i,o,n,s,?,h,l,=,e,n,&,x,s,r,f,=,&,c,o,n,t,i,n,u,e,=,/,s,c,h,o,l,a,r,%,3,F,q,%,3,D,c,a,r,b,o,n,%,2,B,c,a,p,t,u,r,e,%,2,6,h,l,%,3,D,e,n,%,2,6,a,s,_,s,d,t,%,3,D,0,",",3,3,&,c,i,t,i,l,m,=,1,&,u,p,d,a,t,e,_,o,p,=,l,i,b,r,a,r,y,_,a,d,d,&,i,n,f,o,=,C,o,1,0,O,y,C,j,x,i,c,J,&,e,i,=,U,X,N,1,Z,P,f,k,G,u,3,A,s,Q,K,E,x,J,C,4,C,g,&,j,s,o,n,=,"""",",", ,"""",n,u,m,_,c,i,t,a,t,i,o,n,s,"""",:, ,2,0,0,1,",", ,"""",c,i,t,e,d,b,y,_,u,r,l,"""",:, ,"""",/,s,c,h,o,l,a,r,?,c,i,t,e,s,=,2,8,6,6,1,5,7,5,7,1,6,9,9,6,7,4,3,7,8,&,a,s,_,s,d,t,=,5,",",3,3,&,s,c,i,o,d,t,=,0,",",3,3,&,h,l,=,e,n,"""",",", ,"""",u,r,l,_,r,e,l,a,t,e,d,_,a,r,t,i,c,l,e,s,"""",:, ,"""",/,s,c,h,o,l,a,r,?,q,=,r,e,l,a,t,e,d,:,C,o,1,0,O,y,C,j,x,i,c,J,:,s,c,h,o,l,a,r,.,g,o,o,g,l,e,.,c,o,m,/,&,s,c,i,o,q,=,c,a,r,b,o,n,+,c,a,p,t,u,r,e,&,h,l,=,e,n,&,a,s,_,s,d,t,=,0,",",3,3,"""",",", ,"""",e,p,r,i,n,t,_,u,r,l,"""",:, ,"""",h,t,t,p,s,:,/,/,w,w,w,.,r,e,s,e,a,r,c,h,g,a,t,e,.,n,e,t,/,p,r,o,f,i,l,e,/,R,-,S,t,u,a,r,t,-,H,a,s,z,e,l,d,i,n,e,/,p,u,b,l,i,c,a,t,i,o,n,/,2,6,8,3,6,1,6,5,_,C,a,r,b,o,n,_,C,a,p,t,u,r,e,_,a,n,d,_,S,t,o,r,a,g,e,_,H,o,w,_,G,r,e,e,n,_,C,a,n,_,B,l,a,c,k,_,B,e,/,l,i,n,k,s,/,0,2,b,f,e,5,1,2,f,c,a,e,2,b,7,2,e,9,0,0,0,0,0,0,/,C,a,r,b,o,n,-,C,a,p,t,u,r,e,-,a,n,d,-,S,t,o,r,a,g,e,-,H,o,w,-,G,r,e,e,n,-,C,a,n,-,B,l,a,c,k,-,B,e,.,p,d,f,"""",}
{,"""",c,o,n,t,a,i,n,e,r,_,t,y,p,e,"""",:, ,"""",P,u,b,l,i,c,a,t,i,o,n,"""",",", ,"""",s,o,u,r,c,e,"""",:, ,"""",P,U,B,L,I,C,A,T,I,O,N,_,S,E,A,R,C,H,_,S,N,I,P,P,E,T,"""",",", ,"""",b,i,b,"""",:, ,{,"""",t,i,t,l,e,"""",:, ,"""",C,a,r,b,o,n, ,c,a,p,t,u,r,e,"""",",", ,"""",a,u,t,h,o,r,"""",:, ,[,"""",Z, ,Z,h,a,n,g,"""",",", ,"""",T,N,G, ,B,o,r,h,a,n,i,"""",",", ,"""",M,H, ,E,l,-,N,a,a,s,"""",],",", ,"""",p,u,b,_,y,e,a,r,"""",:, ,"""",2,0,1,8,"""",",", ,"""",v,e,n,u,e,"""",:, ,"""",E,x,e,r,g,e,t,i,c,",", ,e,n,e,r,g,e,t,i,c, ,a,n,d, ,\,u,2,0,2,6,"""",",", ,"""",a,b,s,t,r,a,c,t,"""",:, ,"""",C,a,r,b,o,n, ,c,a,p,t,u,r,e, ,i,s, ,r,e,g,a,r,d,e,d, ,a,s, ,a,n, ,i,m,p,o,r,t,a,n,t, ,a,n,d, ,e,f,f,e,c,t,i,v,e, ,a,p,p,r,o,a,c,h, , ,2, ,c,a,p,t,u,r,e,:, ,c,a,r,b,o,n, , ,c,a,p,t,u,r,e, ,t,e,c,h,n,o,l,o,g,i,e,s, ,a,n,d, ,c,a,r,b,o,n, ,c,a,p,t,u,r,e, ,f,o,r, ,i,n,d,u,s,t,r,i,a,l, ,a,p,p,l,i,c,a,t,i,o,n,s,., ,T,h,r,e,e, ,d,i,f,f,e,r,e,n,t, ,c,a,r,b,o,n, ,c,a,p,t,u,r,e,"""",},",", ,"""",f,i,l,l,e,d,"""",:, ,f,a,l,s,e,",", ,"""",g,s,r,a,n,k,"""",:, ,1,0,",", ,"""",p,u,b,_,u,r,l,"""",:, ,"""",h,t,t,p,s,:,/,/,w,w,w,.,s,c,i,e,n,c,e,d,i,r,e,c,t,.,c,o,m,/,s,c,i,e,n,c,e,/,a,r,t,i,c,l,e,/,p,i,i,/,B,9,7,8,0,1,2,8,1,3,7,3,4,5,0,0,0,5,6,1,"""",",", ,"""",a,u,t,h,o,r,_,i,d,"""",:, ,[,"""",3,u,Z,Y,P,Y,Q,A,A,A,A,J,"""",",", ,"""",4,h,J,A,E,e,k,A,A,A,A,J,"""",",", ,"""",y,N,q,v,y,f,k,A,A,A,A,J,"""",],",", ,"""",u,r,l,_,s,c,h,o,l,a,r,b,i,b,"""",:, ,"""",/,s,c,h,o,l,a,r,?,h,l,=,e,n,&,q,=,i,n,f,o,:,H,i,c,_,k,n,H,t,d,W,c,J,:,s,c,h,o,l,a,r,.,g,o,o,g,l,e,.,c,o,m,/,&,o,u,t,p,u,t,=,c,i,t,e,&,s,c,i,r,p,=,9,&,h,l,=,e,n,"""",",", ,"""",u,r,l,_,a,d,d,_,s,c,l,i,b,"""",:, ,"""",/,c,i,t,a,t,i,o,n,s,?,h,l,=,e,n,&,x,s,r,f,=,&,c,o,n,t,i,n,u,e,=,/,s,c,h,o,l,a,r,%,3,F,q,%,3,D,c,a,r,b,o,n,%,2,B,c,a,p,t,u,r,e,%,2,6,h,l,%,3,D,e,n,%,2,6,a,s,_,s,d,t,%,3,D,0,",",3,3,&,c,i,t,i,l,m,=,1,&,u,p,d,a,t,e,_,o,p,=,l,i,b,r,a,r,y,_,a,d,d,&,i,n,f,o,=,H,i,c,_,k,n,H,t,d,W,c,J,&,e,i,=,U,X,N,1,Z,P,f,k,G,u,3,A,s,Q,K,E,x,J,C,4,C,g,&,j,s,o,n,=,"""",",", ,"""",n,u,m,_,c,i,t,a,t,i,o,n,s,"""",:, ,3,7,",", ,"""",c,i,t,e,d,b,y,_,u,r,l,"""",:, ,"""",/,s,c,h,o,l,a,r,?,c,i,t,e,s,=,7,4,5,5,1,2,5,8,3,0,2,2,2,4,2,3,8,3,8,&,a,s,_,s,d,t,=,5,",",3,3,&,s,c,i,o,d,t,=,0,",",3,3,&,h,l,=,e,n,"""",",", ,"""",u,r,l,_,r,e,l,a,t,e,d,_,a,r,t,i,c,l,e,s,"""",:, ,"""",/,s,c,h,o,l,a,r,?,q,=,r,e,l,a,t,e,d,:,H,i,c,_,k,n,H,t,d,W,c,J,:,s,c,h,o,l,a,r,.,g,o,o,g,l,e,.,c,o,m,/,&,s,c,i,o,q,=,c,a,r,b,o,n,+,c,a,p,t,u,r,e,&,h,l,=,e,n,&,a,s,_,s,d,t,=,0,",",3,3,"""",",", ,"""",e,p,r,i,n,t,_,u,r,l,"""",:, ,"""",h,t,t,p,s,:,/,/,n,e,t,l,.,d,o,e,.,g,o,v,/,s,i,t,e,s,/,d,e,f,a,u,l,t,/,f,i,l,e,s,/,p,u,b,l,i,c,a,t,i,o,n,/,N,E,T,L,-,J,a,n,u,a,r,y,-,2,0,2,3,-,C,a,r,b,o,n,-,C,a,p,t,u,r,e,-,N,e,w,s,l,e,t,t,e,r,.,p,d,f,"""",}
{,"""",c,o,n,t,a,i,n,e,r,_,t,y,p,e,"""",:, ,"""",P,u,b,l,i,c,a,t,i,o,n,"""",",", ,"""",s,o,u,r,c,e,"""",:, ,"""",P,U,B,L,I,C,A,T,I,O,N,_,S,E,A,R,C,H,_,S,N,I,P,P,E,T,"""",",", ,"""",b,i,b,"""",:, ,{,"""",t,i,t,l,e,"""",:, ,"""",C,a,r,b,o,n, ,c,a,p,t,u,r,e, ,a,n,d, ,s,t,o,r,a,g,e,"""",",", ,"""",a,u,t,h,o,r,"""",:, ,[,"""",S, ,R,a,c,k,l,e,y,"""",],",", ,"""",p,u,b,_,y,e,a,r,"""",:, ,"""",2,0,1,7,"""",",", ,"""",v,e,n,u,e,"""",:, ,"""",N,A,"""",",", ,"""",a,b,s,t,r,a,c,t,"""",:, ,"""",T,h,e, ,n,e,x,t, ,c,h,a,p,t,e,r,s, ,f,o,c,u,s, ,o,n, ,k,e,y, ,c,a,r,b,o,n, ,c,a,p,t,u,r,e, ,t,e,c,h,n,o,l,o,g,i,e,s,",", , ,s,e,c,t,i,o,n, ,o,n, ,g,e,o,l,o,g,i,c,a,l, ,s,t,o,r,a,g,e, , ,o,f, ,c,a,r,b,o,n, ,d,i,o,x,i,d,e, ,f,o,l,l,o,w,s,",", ,w,i,t,h, , ,A, ,c,h,a,p,t,e,r, ,o,n, ,c,a,r,b,o,n, ,d,i,o,x,i,d,e, ,t,r,a,n,s,p,o,r,t,a,t,i,o,n, ,i,s, ,a,l,s,o, ,i,n,c,l,u,d,e,d,.,"""",},",", ,"""",f,i,l,l,e,d,"""",:, ,f,a,l,s,e,",", ,"""",g,s,r,a,n,k,"""",:, ,1,1,",", ,"""",p,u,b,_,u,r,l,"""",:, ,"""",h,t,t,p,s,:,/,/,b,o,o,k,s,.,g,o,o,g,l,e,.,c,o,m,/,b,o,o,k,s,?,h,l,=,e,n,&,l,r,=,&,i,d,=,n,Q,G,q,D,Q,A,A,Q,B,A,J,&,o,i,=,f,n,d,&,p,g,=,P,P,1,&,d,q,=,c,a,r,b,o,n,+,c,a,p,t,u,r,e,&,o,t,s,=,W,-,J,2,L,K,g,V,A,e,&,s,i,g,=,F,v,Z,i,2,f,i,-,k,M,e,F,W,X,6,o,y,X,w,m,Z,o,k,O,q,Z,A,"""",",", ,"""",a,u,t,h,o,r,_,i,d,"""",:, ,[,"""","""",],",", ,"""",u,r,l,_,s,c,h,o,l,a,r,b,i,b,"""",:, ,"""",/,s,c,h,o,l,a,r,?,h,l,=,e,n,&,q,=,i,n,f,o,:,o,0,V,R,_,r,-,K,6,Y,U,J,:,s,c,h,o,l,a,r,.,g,o,o,g,l,e,.,c,o,m,/,&,o,u,t,p,u,t,=,c,i,t,e,&,s,c,i,r,p,=,1,0,&,h,l,=,e,n,"""",",", ,"""",u,r,l,_,a,d,d,_,s,c,l,i,b,"""",:, ,"""",/,c,i,t,a,t,i,o,n,s,?,h,l,=,e,n,&,x,s,r,f,=,&,c,o,n,t,i,n,u,e,=,/,s,c,h,o,l,a,r,%,3,F,q,%,3,D,c,a,r,b,o,n,%,2,B,c,a,p,t,u,r,e,%,2,6,h,l,%,3,D,e,n,%,2,6,s,t,a,r,t,%,3,D,1,0,%,2,6,a,s,_,s,d,t,%,3,D,0,",",3,3,&,c,i,t,i,l,m,=,1,&,u,p,d,a,t,e,_,o,p,=,l,i,b,r,a,r,y,_,a,d,d,&,i,n,f,o,=,o,0,V,R,_,r,-,K,6,Y,U,J,&,e,i,=,U,n,N,1,Z,N,a,p,N,s,n,y,m,g,H,z,n,5,_,w,B,Q,&,j,s,o,n,=,"""",",", ,"""",n,u,m,_,c,i,t,a,t,i,o,n,s,"""",:, ,5,5,8,",", ,"""",c,i,t,e,d,b,y,_,u,r,l,"""",:, ,"""",/,s,c,h,o,l,a,r,?,c,i,t,e,s,=,9,6,4,9,3,9,6,2,3,3,8,2,8,1,2,4,0,6,7,&,a,s,_,s,d,t,=,5,",",3,3,&,s,c,i,o,d,t,=,0,",",3,3,&,h,l,=,e,n,"""",",", ,"""",u,r,l,_,r,e,l,a,t,e,d,_,a,r,t,i,c,l,e,s,"""",:, ,"""",/,s,c,h,o,l,a,r,?,q,=,r,e,l,a,t,e,d,:,o,0,V,R,_,r,-,K,6,Y,U,J,:,s,c,h,o,l,a,r,.,g,o,o,g,l,e,.,c,o,m,/,&,s,c,i,o,q,=,c,a,r,b,o,n,+,c,a,p,t,u,r,e,&,h,l,=,e,n,&,a,s,_,s,d,t,=,0,",",3,3,"""",}
{,"""",c,o,n,t,a,i,n,e,r,_,t,y,p,e,"""",:, ,"""",P,u,b,l,i,c,a,t,i,o,n,"""",",", ,"""",s,o,u,r,c,e,"""",:, ,"""",P,U,B,L,I,C,A,T,I,O,N,_,S,E,A,R,C,H,_,S,N,I,P,P,E,T,"""",",", ,"""",b,i,b,"""",:, ,{,"""",t,i,t,l,e,"""",:, ,"""",T,h,e, ,o,u,t,l,o,o,k, ,f,o,r, ,i,m,p,r,o,v,e,d, ,c,a,r,b,o,n, ,c,a,p,t,u,r,e, ,t,e,c,h,n,o,l,o,g,y,"""",",", ,"""",a,u,t,h,o,r,"""",:, ,[,"""",E,S, ,R,u,b,i,n,"""",",", ,"""",H, ,M,a,n,t,r,i,p,r,a,g,a,d,a,"""",",", ,"""",A, ,M,a,r,k,s,"""",],",", ,"""",p,u,b,_,y,e,a,r,"""",:, ,"""",2,0,1,2,"""",",", ,"""",v,e,n,u,e,"""",:, ,"""",P,r,o,g,r,e,s,s, ,i,n, ,e,n,e,r,g,y, ,a,n,d, ,\,u,2,0,2,6,"""",",", ,"""",a,b,s,t,r,a,c,t,"""",:, ,"""",R,e,v,i,e,w, ,a,n,d, ,s,u,m,m,a,r,i,z,e, ,c,u,r,r,e,n,t, ,r,e,s,e,a,r,c,h, ,o,n, ,c,a,r,b,o,n, ,c,a,p,t,u,r,e, ,i,n, ,t,h,e, ,U,n,i,t,e,d, ,S,t,a,t,e,s, ,a,n,d, , ,e,l,s,e,w,h,e,r,e, ,t,o, ,a,s,s,e,s,s, ,t,h,e, ,l,i,k,e,l,y, ,e,v,o,l,u,t,i,o,n, ,o,f, ,C,O, ,2, ,c,a,p,t,u,r,e, ,t,e,c,h,n,o,l,o,g,i,e,s, ,a,n,d, ,t,h,e, ,p,o,t,e,n,t,i,a,l, ,f,o,r, ,n,e,w, ,\,u,2,0,1,c,"""",},",", ,"""",f,i,l,l,e,d,"""",:, ,f,a,l,s,e,",", ,"""",g,s,r,a,n,k,"""",:, ,2,",", ,"""",p,u,b,_,u,r,l,"""",:, ,"""",h,t,t,p,s,:,/,/,w,w,w,.,s,c,i,e,n,c,e,d,i,r,e,c,t,.,c,o,m,/,s,c,i,e,n,c,e,/,a,r,t,i,c,l,e,/,p,i,i,/,S,0,3,6,0,1,2,8,5,1,2,0,0,0,1,8,4,"""",",", ,"""",a,u,t,h,o,r,_,i,d,"""",:, ,[,"""","""",",", ,"""","""",",", ,"""","""",],",", ,"""",u,r,l,_,s,c,h,o,l,a,r,b,i,b,"""",:, ,"""",/,s,c,h,o,l,a,r,?,h,l,=,e,n,&,q,=,i,n,f,o,:,2,d,J,a,J,n,h,6,Z,3,o,J,:,s,c,h,o,l,a,r,.,g,o,o,g,l,e,.,c,o,m,/,&,o,u,t,p,u,t,=,c,i,t,e,&,s,c,i,r,p,=,1,&,h,l,=,e,n,"""",",", ,"""",u,r,l,_,a,d,d,_,s,c,l,i,b,"""",:, ,"""",/,c,i,t,a,t,i,o,n,s,?,h,l,=,e,n,&,x,s,r,f,=,&,c,o,n,t,i,n,u,e,=,/,s,c,h,o,l,a,r,%,3,F,q,%,3,D,c,a,r,b,o,n,%,2,B,c,a,p,t,u,r,e,%,2,6,h,l,%,3,D,e,n,%,2,6,a,s,_,s,d,t,%,3,D,0,",",3,3,&,c,i,t,i,l,m,=,1,&,u,p,d,a,t,e,_,o,p,=,l,i,b,r,a,r,y,_,a,d,d,&,i,n,f,o,=,2,d,J,a,J,n,h,6,Z,3,o,J,&,e,i,=,V,H,h,1,Z,O,O,L,I,r,i,B,y,9,Y,P,0,M,K,i,-,A,Y,&,j,s,o,n,=,"""",",", ,"""",n,u,m,_,c,i,t,a,t,i,o,n,s,"""",:, ,5,5,1,",", ,"""",c,i,t,e,d,b,y,_,u,r,l,"""",:, ,"""",/,s,c,h,o,l,a,r,?,c,i,t,e,s,=,8,8,2,0,1,5,3,0,5,1,6,8,6,5,5,6,3,7,7,&,a,s,_,s,d,t,=,5,",",3,3,&,s,c,i,o,d,t,=,0,",",3,3,&,h,l,=,e,n,"""",",", ,"""",u,r,l,_,r,e,l,a,t,e,d,_,a,r,t,i,c,l,e,s,"""",:, ,"""",/,s,c,h,o,l,a,r,?,q,=,r,e,l,a,t,e,d,:,2,d,J,a,J,n,h,6,Z,3,o,J,:,s,c,h,o,l,a,r,.,g,o,o,g,l,e,.,c,o,m,/,&,s,c,i,o,q,=,c,a,r,b,o,n,+,c,a,p,t,u,r,e,&,h,l,=,e,n,&,a,s,_,s,d,t,=,0,",",3,3,"""",",", ,"""",e,p,r,i,n,t,_,u,r,l,"""",:, ,"""",h,t,t,p,s,:,/,/,w,w,w,.,c,m,u,.,e,d,u,/,e,p,p,/,i,e,c,m,/,r,u,b,i,n,/,P,D,F,%,2,0,f,i,l,e,s,/,2,0,1,2,/,T,h,e,%,2,0,O,u,t,l,o,o,k,%,2,0,f,o,r,%,2,0,i,m,p,r,o,v,e,d,%,2,0,c,a,r,b,o,n,%,2,0,c,a,p,t,u,r,e,%,2,0,t,e,c,h,n,o,l,o,g,y,_,P,E,C,S,_,2,0,1,2,.,p,d,f,"""",}
{,"""",c,o,n,t,a,i,n,e,r,_,t,y,p,e,"""",:, ,"""",P,u,b,l,i,c,a,t,i,o,n,"""",",", ,"""",s,o,u,r,c,e,"""",:, ,"""",P,U,B,L,I,C,A,T,I,O,N,_,S,E,A,R,C,H,_,S,N,I,P,P,E,T,"""",",", ,"""",b,i,b,"""",:, ,{,"""",t,i,t,l,e,"""",:, ,"""",C,a,r,b,o,n, ,c,a,p,t,u,r,e,"""",",", ,"""",a,u,t,h,o,r,"""",:, ,[,"""",J, ,W,i,l,c,o,x,"""",],",", ,"""",p,u,b,_,y,e,a,r,"""",:, ,"""",2,0,1,2,"""",",", ,"""",v,e,n,u,e,"""",:, ,"""",N,A,"""",",", ,"""",a,b,s,t,r,a,c,t,"""",:, ,"""",f,o,r, ,i,n,d,u,s,t,r,i,a,l, ,p,e,r,s,o,n,n,e,l, ,e,n,g,a,g,e,d, ,i,n, ,c,a,r,b,o,n, ,c,a,p,t,u,r,e, ,t,e,c,h,n,o,l,o,g,i,e,s, ,i,n, ,a,d,d,i,t,i,o,n, ,t,o, ,g,a,s, , ,c,a,r,b,o,n, , ,c,a,p,t,u,r,e, ,t,e,c,h,n,o,l,o,g,i,e,s,., ,F,i,n,a,l,l,y,",", ,e,n,g,i,n,e,e,r,s, ,e,v,a,l,u,a,t,i,n,g, ,s,e,p,a,r,a,t,i,o,n, ,p,r,o,c,e,s,s,e,s, ,f,o,r, ,c,a,r,b,o,n, ,c,a,p,t,u,r,e,"""",},",", ,"""",f,i,l,l,e,d,"""",:, ,f,a,l,s,e,",", ,"""",g,s,r,a,n,k,"""",:, ,3,",", ,"""",p,u,b,_,u,r,l,"""",:, ,"""",h,t,t,p,s,:,/,/,b,o,o,k,s,.,g,o,o,g,l,e,.,c,o,m,/,b,o,o,k,s,?,h,l,=,e,n,&,l,r,=,&,i,d,=,C,A,h,3,H,F,4,z,6,X,o,C,&,o,i,=,f,n,d,&,p,g,=,P,R,5,&,d,q,=,c,a,r,b,o,n,+,c,a,p,t,u,r,e,&,o,t,s,=,x,f,s,U,c,x,_,b,J,r,&,s,i,g,=,Q,a,B,w,3,C,p,t,V,I,U,3,c,h,y,v,4,X,S,x,t,w,D,3,5,y,I,"""",",", ,"""",a,u,t,h,o,r,_,i,d,"""",:, ,[,"""",e,L,f,l,Q,g,Q,A,A,A,A,J,"""",],",", ,"""",u,r,l,_,s,c,h,o,l,a,r,b,i,b,"""",:, ,"""",/,s,c,h,o,l,a,r,?,h,l,=,e,n,&,q,=,i,n,f,o,:,S,D,u,d,2,j,O,E,8,l,U,J,:,s,c,h,o,l,a,r,.,g,o,o,g,l,e,.,c,o,m,/,&,o,u,t,p,u,t,=,c,i,t,e,&,s,c,i,r,p,=,2,&,h,l,=,e,n,"""",",", ,"""",u,r,l,_,a,d,d,_,s,c,l,i,b,"""",:, ,"""",/,c,i,t,a,t,i,o,n,s,?,h,l,=,e,n,&,x,s,r,f,=,&,c,o,n,t,i,n,u,e,=,/,s,c,h,o,l,a,r,%,3,F,q,%,3,D,c,a,r,b,o,n,%,2,B,c,a,p,t,u,r,e,%,2,6,h,l,%,3,D,e,n,%,2,6,a,s,_,s,d,t,%,3,D,0,",",3,3,&,c,i,t,i,l,m,=,1,&,u,p,d,a,t,e,_,o,p,=,l,i,b,r,a,r,y,_,a,d,d,&,i,n,f,o,=,S,D,u,d,2,j,O,E,8,l,U,J,&,e,i,=,V,H,h,1,Z,O,O,L,I,r,i,B,y,9,Y,P,0,M,K,i,-,A,Y,&,j,s,o,n,=,"""",",", ,"""",n,u,m,_,c,i,t,a,t,i,o,n,s,"""",:, ,3,8,5,",", ,"""",c,i,t,e,d,b,y,_,u,r,l,"""",:, ,"""",/,s,c,h,o,l,a,r,?,c,i,t,e,s,=,6,1,9,3,1,5,7,7,9,5,8,3,3,7,8,9,2,5,6,&,a,s,_,s,d,t,=,5,",",3,3,&,s,c,i,o,d,t,=,0,",",3,3,&,h,l,=,e,n,"""",",", ,"""",u,r,l,_,r,e,l,a,t,e,d,_,a,r,t,i,c,l,e,s,"""",:, ,"""",/,s,c,h,o,l,a,r,?,q,=,r,e,l,a,t,e,d,:,S,D,u,d,2,j,O,E,8,l,U,J,:,s,c,h,o,l,a,r,.,g,o,o,g,l,e,.,c,o,m,/,&,s,c,i,o,q,=,c,a,r,b,o,n,+,c,a,p,t,u,r,e,&,h,l,=,e,n,&,a,s,_,s,d,t,=,0,",",3,3,"""",}
{,"""",c,o,n,t,a,i,n,e,r,_,t,y,p,e,"""",:, ,"""",P,u,b,l,i,c,a,t,i,o,n,"""",",", ,"""",s,o,u,r,c,e,"""",:, ,"""",P,U,B,L,I,C,A,T,I,O,N,_,S,E,A,R,C,H,_,S,N,I,P,P,E,T,"""",",", ,"""",b,i,b,"""",:, ,{,"""",t,i,t,l,e,"""",:, ,"""",C,a,r,b,o,n, ,c,a,p,t,u,r,e, ,a,n,d, ,u,t,i,l,i,z,a,t,i,o,n, ,u,p,d,a,t,e,"""",",", ,"""",a,u,t,h,o,r,"""",:, ,[,"""",A, ,A,l,\,u,2,0,1,0,M,a,m,o,o,r,i,"""",",", ,"""",A, ,K,r,i,s,h,n,a,m,u,r,t,h,y,"""",],",", ,"""",p,u,b,_,y,e,a,r,"""",:, ,"""",2,0,1,7,"""",",", ,"""",v,e,n,u,e,"""",:, ,"""",E,n,e,r,g,y, ,\,u,2,0,2,6,"""",",", ,"""",a,b,s,t,r,a,c,t,"""",:, ,"""",o,f, ,c,a,p,t,u,r,e, ,c,o,s,t,s, , ,c,a,p,t,u,r,e, ,t,e,c,h,n,o,l,o,g,i,e,s,",", ,t,h,e, ,c,o,s,t, ,o,f, ,c,a,p,t,u,r,e, ,i,s, ,e,s,t,i,m,a,t,e,d, ,t,o, ,b,e, ,a,p,p,r,o,x,i,m,a,t,e,l,y, , ,5,6, ,U,S,D, ,t, ,\,u,2,2,1,2,1, ,",", ,w,h,i,c,h, ,i,n,c,u,r,s, ,a,n, ,e,n,e,r,g,y, ,p,e,n,a,l,t,y, ,o,f, ,6,2, ,%, ,t,o, ,t,h,e, ,p,o,w,e,r, ,p,l,a,n,t,.,1,1, ,C,a,r,b,o,n, ,c,a,p,t,u,r,e,"""",},",", ,"""",f,i,l,l,e,d,"""",:, ,f,a,l,s,e,",", ,"""",g,s,r,a,n,k,"""",:, ,4,",", ,"""",p,u,b,_,u,r,l,"""",:, ,"""",h,t,t,p,s,:,/,/,o,n,l,i,n,e,l,i,b,r,a,r,y,.,w,i,l,e,y,.,c,o,m,/,d,o,i,/,a,b,s,/,1,0,.,1,0,0,2,/,e,n,t,e,.,2,0,1,6,0,0,7,4,7,"""",",", ,"""",a,u,t,h,o,r,_,i,d,"""",:, ,[,"""",D,P,_,6,Q,R,0,A,A,A,A,J,"""",",", ,"""",5,x,x,S,L,k,E,A,A,A,A,J,"""",],",", ,"""",u,r,l,_,s,c,h,o,l,a,r,b,i,b,"""",:, ,"""",/,s,c,h,o,l,a,r,?,h,l,=,e,n,&,q,=,i,n,f,o,:,U,K,t,3,t,x,J,U,D,N,c,J,:,s,c,h,o,l,a,r,.,g,o,o,g,l,e,.,c,o,m,/,&,o,u,t,p,u,t,=,c,i,t,e,&,s,c,i,r,p,=,3,&,h,l,=,e,n,"""",",", ,"""",u,r,l,_,a,d,d,_,s,c,l,i,b,"""",:, ,"""",/,c,i,t,a,t,i,o,n,s,?,h,l,=,e,n,&,x,s,r,f,=,&,c,o,n,t,i,n,u,e,=,/,s,c,h,o,l,a,r,%,3,F,q,%,3,D,c,a,r,b,o,n,%,2,B,c,a,p,t,u,r,e,%,2,6,h,l,%,3,D,e,n,%,2,6,a,s,_,s,d,t,%,3,D,0,",",3,3,&,c,i,t,i,l,m,=,1,&,u,p,d,a,t,e,_,o,p,=,l,i,b,r,a,r,y,_,a,d,d,&,i,n,f,o,=,U,K,t,3,t,x,J,U,D,N,c,J,&,e,i,=,V,H,h,1,Z,O,O,L,I,r,i,B,y,9,Y,P,0,M,K,i,-,A,Y,&,j,s,o,n,=,"""",",", ,"""",n,u,m,_,c,i,t,a,t,i,o,n,s,"""",:, ,4,2,7,",", ,"""",c,i,t,e,d,b,y,_,u,r,l,"""",:, ,"""",/,s,c,h,o,l,a,r,?,c,i,t,e,s,=,1,5,4,9,5,8,5,2,8,5,7,2,3,9,2,5,1,7,9,2,&,a,s,_,s,d,t,=,5,",",3,3,&,s,c,i,o,d,t,=,0,",",3,3,&,h,l,=,e,n,"""",",", ,"""",u,r,l,_,r,e,l,a,t,e,d,_,a,r,t,i,c,l,e,s,"""",:, ,"""",/,s,c,h,o,l,a,r,?,q,=,r,e,l,a,t,e,d,:,U,K,t,3,t,x,J,U,D,N,c,J,:,s,c,h,o,l,a,r,.,g,o,o,g,l,e,.,c,o,m,/,&,s,c,i,o,q,=,c,a,r,b,o,n,+,c,a,p,t,u,r,e,&,h,l,=,e,n,&,a,s,_,s,d,t,=,0,",",3,3,"""",",", ,"""",e,p,r,i,n,t,_,u,r,l,"""",:, ,"""",h,t,t,p,s,:,/,/,o,n,l,i,n,e,l,i,b,r,a,r,y,.,w,i,l,e,y,.,c,o,m,/,d,o,i,/,f,u,l,l,/,1,0,.,1,0,0,2,/,e,n,t,e,.,2,0,1,6,0,0,7,4,7,"""",}
{,"""",c,o,n,t,a,i,n,e,r,_,t,y,p,e,"""",:, ,"""",P,u,b,l,i,c,a,t,i,o,n,"""",",", ,"""",s,o,u,r,c,e,"""",:, ,"""",P,U,B,L,I,C,A,T,I,O,N,_,S,E,A,R,C,H,_,S,N,I,P,P,E,T,"""",",", ,"""",b,i,b,"""",:, ,{,"""",t,i,t,l,e,"""",:, ,"""",O,u,t,l,o,o,k, ,o,f, ,c,a,r,b,o,n, ,c,a,p,t,u,r,e, ,t,e,c,h,n,o,l,o,g,y, ,a,n,d, ,c,h,a,l,l,e,n,g,e,s,"""",",", ,"""",a,u,t,h,o,r,"""",:, ,[,"""",T, ,W,i,l,b,e,r,f,o,r,c,e,"""",",", ,"""",A, ,B,a,r,o,u,t,a,j,i,"""",",", ,"""",B, ,S,o,u,d,a,n,"""",],",", ,"""",p,u,b,_,y,e,a,r,"""",:, ,"""",2,0,1,9,"""",",", ,"""",v,e,n,u,e,"""",:, ,"""",S,c,i,e,n,c,e, ,o,f, ,t,h,e, ,t,o,t,a,l, ,\,u,2,0,2,6,"""",",", ,"""",a,b,s,t,r,a,c,t,"""",:, ,"""",C,a,r,b,o,n, ,C,a,p,t,u,r,e, ,a,n,d, ,S,t,o,r,a,g,e, ,(,C,C,S,), ,t,e,c,h,n,o,l,o,g,y, ,t,h,a,t, ,c,a,n, ,c,a,p,t,u,r,e, ,m,o,r,e, ,t,h,a,n, ,9,0,%, ,o,f, ,c,a,r,b,o,n, , , ,T,h,i,s, ,p,a,p,e,r, ,p,r,e,s,e,n,t,s, ,a,n, ,e,v,a,l,u,a,t,i,o,n, ,o,f, ,s,t,a,t,e,-,o,f,-,t,h,e,-,a,r,t, ,t,e,c,h,n,o,l,o,g,i,e,s, ,u,s,e,d, ,i,n, ,t,h,e, ,c,a,p,t,u,r,i,n,g, ,C,O,"""",},",", ,"""",f,i,l,l,e,d,"""",:, ,f,a,l,s,e,",", ,"""",g,s,r,a,n,k,"""",:, ,5,",", ,"""",p,u,b,_,u,r,l,"""",:, ,"""",h,t,t,p,s,:,/,/,w,w,w,.,s,c,i,e,n,c,e,d,i,r,e,c,t,.,c,o,m,/,s,c,i,e,n,c,e,/,a,r,t,i,c,l,e,/,p,i,i,/,S,0,0,4,8,9,6,9,7,1,8,3,4,7,7,9,X,"""",",", ,"""",a,u,t,h,o,r,_,i,d,"""",:, ,[,"""",O,c,O,n,I,E,c,A,A,A,A,J,"""",",", ,"""",9,r,j,k,m,g,s,A,A,A,A,J,"""",",", ,"""",B,i,u,O,2,y,Y,A,A,A,A,J,"""",],",", ,"""",u,r,l,_,s,c,h,o,l,a,r,b,i,b,"""",:, ,"""",/,s,c,h,o,l,a,r,?,h,l,=,e,n,&,q,=,i,n,f,o,:,Z,D,A,s,Z,0,4,v,1,4,8,J,:,s,c,h,o,l,a,r,.,g,o,o,g,l,e,.,c,o,m,/,&,o,u,t,p,u,t,=,c,i,t,e,&,s,c,i,r,p,=,4,&,h,l,=,e,n,"""",",", ,"""",u,r,l,_,a,d,d,_,s,c,l,i,b,"""",:, ,"""",/,c,i,t,a,t,i,o,n,s,?,h,l,=,e,n,&,x,s,r,f,=,&,c,o,n,t,i,n,u,e,=,/,s,c,h,o,l,a,r,%,3,F,q,%,3,D,c,a,r,b,o,n,%,2,B,c,a,p,t,u,r,e,%,2,6,h,l,%,3,D,e,n,%,2,6,a,s,_,s,d,t,%,3,D,0,",",3,3,&,c,i,t,i,l,m,=,1,&,u,p,d,a,t,e,_,o,p,=,l,i,b,r,a,r,y,_,a,d,d,&,i,n,f,o,=,Z,D,A,s,Z,0,4,v,1,4,8,J,&,e,i,=,V,H,h,1,Z,O,O,L,I,r,i,B,y,9,Y,P,0,M,K,i,-,A,Y,&,j,s,o,n,=,"""",",", ,"""",n,u,m,_,c,i,t,a,t,i,o,n,s,"""",:, ,2,6,8,",", ,"""",c,i,t,e,d,b,y,_,u,r,l,"""",:, ,"""",/,s,c,h,o,l,a,r,?,c,i,t,e,s,=,1,0,3,6,4,8,0,5,0,8,1,2,0,1,3,8,9,6,6,8,&,a,s,_,s,d,t,=,5,",",3,3,&,s,c,i,o,d,t,=,0,",",3,3,&,h,l,=,e,n,"""",",", ,"""",u,r,l,_,r,e,l,a,t,e,d,_,a,r,t,i,c,l,e,s,"""",:, ,"""",/,s,c,h,o,l,a,r,?,q,=,r,e,l,a,t,e,d,:,Z,D,A,s,Z,0,4,v,1,4,8,J,:,s,c,h,o,l,a,r,.,g,o,o,g,l,e,.,c,o,m,/,&,s,c,i,o,q,=,c,a,r,b,o,n,+,c,a,p,t,u,r,e,&,h,l,=,e,n,&,a,s,_,s,d,t,=,0,",",3,3,"""",",", ,"""",e,p,r,i,n,t,_,u,r,l,"""",:, ,"""",h,t,t,p,s,:,/,/,w,l,v,.,o,p,e,n,r,e,p,o,s,i,t,o,r,y,.,c,o,m,/,b,i,t,s,t,r,e,a,m,/,h,a,n,d,l,e,/,2,4,3,6,/,6,2,2,1,2,4,/,O,u,t,l,o,o,k,%,2,0,o,f,%,2,0,C,a,r,b,o,n,%,2,0,C,a,p,t,u,r,e,%,2,0,T,e,c,h,n,o,l,o,g,y,%,2,0,a,n,d,%,2,0,C,h,a,l,l,e,n,g,e,s,.,p,d,f,?,s,e,q,u,e,n,c,e,=,1,&,i,s,A,l,l,o,w,e,d,=,n,"""",}
{,"""",c,o,n,t,a,i,n,e,r,_,t,y,p,e,"""",:, ,"""",P,u,b,l,i,c,a,t,i,o,n,"""",",", ,"""",s,o,u,r,c,e,"""",:, ,"""",P,U,B,L,I,C,A,T,I,O,N,_,S,E,A,R,C,H,_,S,N,I,P,P,E,T,"""",",", ,"""",b,i,b,"""",:, ,{,"""",t,i,t,l,e,"""",:, ,"""",C,a,r,b,o,n, ,c,a,p,t,u,r,e, ,a,n,d, ,s,t,o,r,a,g,e,"""",",", ,"""",a,u,t,h,o,r,"""",:, ,[,"""",J, ,G,i,b,b,i,n,s,"""",",", ,"""",H, ,C,h,a,l,m,e,r,s,"""",],",", ,"""",p,u,b,_,y,e,a,r,"""",:, ,"""",2,0,0,8,"""",",", ,"""",v,e,n,u,e,"""",:, ,"""",E,n,e,r,g,y, ,p,o,l,i,c,y,"""",",", ,"""",a,b,s,t,r,a,c,t,"""",:, ,"""",C,a,p,t,u,r,e,-,r,e,a,d,y, ,p,l,a,n,t,s, ,a,r,e, ,d,e,s,i,g,n,e,d, ,s,o, ,t,h,a,t, ,c,a,p,t,u,r,e, ,e,q,u,i,p,m,e,n,t, ,c,a,n, ,b,e, ,r,e,t,r,o,f,i,t,t,e,d, ,e,a,s,i,l,y, ,l,a,t,e,r,",", , ,w,h,e,n, ,j,u,s,t,i,f,i,e,d, ,b,y, ,t,h,e, ,r,i,s,i,n,g, ,c,o,s,t, ,o,f, ,c,a,r,b,o,n, , ,s,t,u,d,y, ,o,f, ,h,o,w, ,c,a,p,t,u,r,e, ,c,o,u,l,d, ,b,e, ,i,m,p,l,e,m,e,n,t,e,d, ,l,a,t,e,r,"""",},",", ,"""",f,i,l,l,e,d,"""",:, ,f,a,l,s,e,",", ,"""",g,s,r,a,n,k,"""",:, ,6,",", ,"""",p,u,b,_,u,r,l,"""",:, ,"""",h,t,t,p,s,:,/,/,w,w,w,.,s,c,i,e,n,c,e,d,i,r,e,c,t,.,c,o,m,/,s,c,i,e,n,c,e,/,a,r,t,i,c,l,e,/,p,i,i,/,S,0,3,0,1,4,2,1,5,0,8,0,0,4,4,3,6,"""",",", ,"""",a,u,t,h,o,r,_,i,d,"""",:, ,[,"""",T,V,8,l,C,P,s,A,A,A,A,J,"""",",", ,"""",v,p,6,W,9,u,0,A,A,A,A,J,"""",],",", ,"""",u,r,l,_,s,c,h,o,l,a,r,b,i,b,"""",:, ,"""",/,s,c,h,o,l,a,r,?,h,l,=,e,n,&,q,=,i,n,f,o,:,a,T,s,T,w,p,F,w,r,Q,c,J,:,s,c,h,o,l,a,r,.,g,o,o,g,l,e,.,c,o,m,/,&,o,u,t,p,u,t,=,c,i,t,e,&,s,c,i,r,p,=,5,&,h,l,=,e,n,"""",",", ,"""",u,r,l,_,a,d,d,_,s,c,l,i,b,"""",:, ,"""",/,c,i,t,a,t,i,o,n,s,?,h,l,=,e,n,&,x,s,r,f,=,&,c,o,n,t,i,n,u,e,=,/,s,c,h,o,l,a,r,%,3,F,q,%,3,D,c,a,r,b,o,n,%,2,B,c,a,p,t,u,r,e,%,2,6,h,l,%,3,D,e,n,%,2,6,a,s,_,s,d,t,%,3,D,0,",",3,3,&,c,i,t,i,l,m,=,1,&,u,p,d,a,t,e,_,o,p,=,l,i,b,r,a,r,y,_,a,d,d,&,i,n,f,o,=,a,T,s,T,w,p,F,w,r,Q,c,J,&,e,i,=,V,H,h,1,Z,O,O,L,I,r,i,B,y,9,Y,P,0,M,K,i,-,A,Y,&,j,s,o,n,=,"""",",", ,"""",n,u,m,_,c,i,t,a,t,i,o,n,s,"""",:, ,1,0,6,9,",", ,"""",c,i,t,e,d,b,y,_,u,r,l,"""",:, ,"""",/,s,c,h,o,l,a,r,?,c,i,t,e,s,=,5,5,3,2,2,2,1,0,0,5,6,5,0,4,8,1,6,9,&,a,s,_,s,d,t,=,5,",",3,3,&,s,c,i,o,d,t,=,0,",",3,3,&,h,l,=,e,n,"""",",", ,"""",u,r,l,_,r,e,l,a,t,e,d,_,a,r,t,i,c,l,e,s,"""",:, ,"""",/,s,c,h,o,l,a,r,?,q,=,r,e,l,a,t,e,d,:,a,T,s,T,w,p,F,w,r,Q,c,J,:,s,c,h,o,l,a,r,.,g,o,o,g,l,e,.,c,o,m,/,&,s,c,i,o,q,=,c,a,r,b,o,n,+,c,a,p,t,u,r,e,&,h,l,=,e,n,&,a,s,_,s,d,t,=,0,",",3,3,"""",",", ,"""",e,p,r,i,n,t,_,u,r,l,"""",:, ,"""",h,t,t,p,s,:,/,/,u,k,.,a,m,b,a,f,r,a,n,c,e,.,o,r,g,/,I,M,G,/,p,d,f,/,G,i,b,b,i,n,s,-,S,l,i,d,e,s,-,S,e,m,i,n,a,r,.,p,d,f,"""",}
{,"""",c,o,n,t,a,i,n,e,r,_,t,y,p,e,"""",:, ,"""",P,u,b,l,i,c,a,t,i,o,n,"""",",", ,"""",s,o,u,r,c,e,"""",:, ,"""",P,U,B,L,I,C,A,T,I,O,N,_,S,E,A,R,C,H,_,S,N,I,P,P,E,T,"""",",", ,"""",b,i,b,"""",:, ,{,"""",t,i,t,l,e,"""",:, ,"""",C,a,r,b,o,n, ,c,a,p,t,u,r,e, ,a,n,d, ,s,t,o,r,a,g,e, ,u,p,d,a,t,e,"""",",", ,"""",a,u,t,h,o,r,"""",:, ,[,"""",M,E, ,B,o,o,t,-,H,a,n,d,f,o,r,d,"""",",", ,"""",J,C, ,A,b,a,n,a,d,e,s,"""",],",", ,"""",p,u,b,_,y,e,a,r,"""",:, ,"""",2,0,1,4,"""",",", ,"""",v,e,n,u,e,"""",:, ,"""",E,n,e,r,g,y, ,&, ,\,u,2,0,2,6,"""",",", ,"""",a,b,s,t,r,a,c,t,"""",:, ,"""",T,h,i,s, ,p,a,p,e,r, ,d,i,s,c,u,s,s,e,s, ,C,a,r,b,o,n, ,C,a,p,t,u,r,e, ,a,n,d, ,S,t,o,r,a,g,e, ,(,C,C,S,),",", ,a,s, ,o,n,e, ,m,e,t,h,o,d, ,t,o, ,m,i,t,i,g,a,t,e, , , ,C,a,r,b,o,n, ,c,a,p,t,u,r,e, ,a,n,d, ,s,t,o,r,a,g,e, ,r,e,f,e,r,s, ,t,o, ,a, ,n,u,m,b,e,r, ,o,f, ,t,e,c,h,n,o,l,o,g,i,e,s, ,w,h,i,c,h, ,c,a,p,t,u,r,e, ,C,O, ,2, ,a,t, ,s,o,m,e, ,s,t,a,g,e,"""",},",", ,"""",f,i,l,l,e,d,"""",:, ,f,a,l,s,e,",", ,"""",g,s,r,a,n,k,"""",:, ,7,",", ,"""",p,u,b,_,u,r,l,"""",:, ,"""",h,t,t,p,s,:,/,/,p,u,b,s,.,r,s,c,.,o,r,g,/,e,n,/,c,o,n,t,e,n,t,/,a,r,t,i,c,l,e,h,t,m,l,/,2,0,1,3,/,e,e,/,c,3,e,e,4,2,3,5,0,f,"""",",", ,"""",a,u,t,h,o,r,_,i,d,"""",:, ,[,"""",2,_,x,_,5,F,0,A,A,A,A,J,"""",",", ,"""",l,B,a,_,F,T,s,A,A,A,A,J,"""",],",", ,"""",u,r,l,_,s,c,h,o,l,a,r,b,i,b,"""",:, ,"""",/,s,c,h,o,l,a,r,?,h,l,=,e,n,&,q,=,i,n,f,o,:,L,o,L,o,J,d,d,a,Q,6,E,J,:,s,c,h,o,l,a,r,.,g,o,o,g,l,e,.,c,o,m,/,&,o,u,t,p,u,t,=,c,i,t,e,&,s,c,i,r,p,=,6,&,h,l,=,e,n,"""",",", ,"""",u,r,l,_,a,d,d,_,s,c,l,i,b,"""",:, ,"""",/,c,i,t,a,t,i,o,n,s,?,h,l,=,e,n,&,x,s,r,f,=,&,c,o,n,t,i,n,u,e,=,/,s,c,h,o,l,a,r,%,3,F,q,%,3,D,c,a,r,b,o,n,%,2,B,c,a,p,t,u,r,e,%,2,6,h,l,%,3,D,e,n,%,2,6,a,s,_,s,d,t,%,3,D,0,",",3,3,&,c,i,t,i,l,m,=,1,&,u,p,d,a,t,e,_,o,p,=,l,i,b,r,a,r,y,_,a,d,d,&,i,n,f,o,=,L,o,L,o,J,d,d,a,Q,6,E,J,&,e,i,=,V,H,h,1,Z,O,O,L,I,r,i,B,y,9,Y,P,0,M,K,i,-,A,Y,&,j,s,o,n,=,"""",",", ,"""",n,u,m,_,c,i,t,a,t,i,o,n,s,"""",:, ,2,0,6,8,",", ,"""",c,i,t,e,d,b,y,_,u,r,l,"""",:, ,"""",/,s,c,h,o,l,a,r,?,c,i,t,e,s,=,1,1,6,2,0,2,3,1,3,4,3,6,4,6,4,7,4,7,9,8,&,a,s,_,s,d,t,=,5,",",3,3,&,s,c,i,o,d,t,=,0,",",3,3,&,h,l,=,e,n,"""",",", ,"""",u,r,l,_,r,e,l,a,t,e,d,_,a,r,t,i,c,l,e,s,"""",:, ,"""",/,s,c,h,o,l,a,r,?,q,=,r,e,l,a,t,e,d,:,L,o,L,o,J,d,d,a,Q,6,E,J,:,s,c,h,o,l,a,r,.,g,o,o,g,l,e,.,c,o,m,/,&,s,c,i,o,q,=,c,a,r,b,o,n,+,c,a,p,t,u,r,e,&,h,l,=,e,n,&,a,s,_,s,d,t,=,0,",",3,3,"""",",", ,"""",e,p,r,i,n,t,_,u,r,l,"""",:, ,"""",h,t,t,p,s,:,/,/,p,u,b,s,.,r,s,c,.,o,r,g,/,e,n,/,c,o,n,t,e,n,t,/,p,d,f,/,a,r,t,i,c,l,e,/,2,0,1,4,/,e,e,/,c,3,e,e,4,2,3,5,0,f,"""",}
{,"""",c,o,n,t,a,i,n,e,r,_,t,y,p,e,"""",:, ,"""",P,u,b,l,i,c,a,t,i,o,n,"""",",", ,"""",s,o,u,r,c,e,"""",:, ,"""",P,U,B,L,I,C,A,T,I,O,N,_,S,E,A,R,C,H,_,S,N,I,P,P,E,T,"""",",", ,"""",b,i,b,"""",:, ,{,"""",t,i,t,l,e,"""",:, ,"""",C,a,r,b,o,n, ,c,a,p,t,u,r,e, ,a,n,d, ,s,e,q,u,e,s,t,r,a,t,i,o,n,"""",",", ,"""",a,u,t,h,o,r,"""",:, ,[,"""",S, ,C,h,u,"""",],",", ,"""",p,u,b,_,y,e,a,r,"""",:, ,"""",2,0,0,9,"""",",", ,"""",v,e,n,u,e,"""",:, ,"""",S,c,i,e,n,c,e,"""",",", ,"""",a,b,s,t,r,a,c,t,"""",:, ,"""",a,n,d, ,m,e,t,h,a,n,e,",", ,C,O, ,2, ,c,a,p,t,u,r,e, ,b,a,s,e,d, ,o,n, ,p,h,a,s,e, ,s,e,p,a,r,a,t,i,o,n,",", ,a,n,d, , ,c,a,p,t,u,r,e,?, ,S,i,m,i,l,a,r,l,y,",", ,n,a,t,u,r,e, , ,p,r,o,v,i,d,e,s, ,p,r,o,o,f, ,t,h,a,t, ,t,h,e, ,e,n,e,r,g,y, ,p,e,n,a,l,t,y, ,f,o,r, ,r,e,l,e,a,s,i,n,g, ,a,d,s,o,r,b,e,d, ,C,O, ,2, ,i,n, ,p,o,s,t,c,o,m,b,u,s,t,i,o,n, ,c,a,p,t,u,r,e,"""",},",", ,"""",f,i,l,l,e,d,"""",:, ,f,a,l,s,e,",", ,"""",g,s,r,a,n,k,"""",:, ,8,",", ,"""",p,u,b,_,u,r,l,"""",:, ,"""",h,t,t,p,s,:,/,/,w,w,w,.,s,c,i,e,n,c,e,.,o,r,g,/,d,o,i,/,a,b,s,/,1,0,.,1,1,2,6,/,s,c,i,e,n,c,e,.,1,1,8,1,6,3,7,"""",",", ,"""",a,u,t,h,o,r,_,i,d,"""",:, ,[,"""",b,9,B,o,d,2,M,A,A,A,A,J,"""",],",", ,"""",u,r,l,_,s,c,h,o,l,a,r,b,i,b,"""",:, ,"""",/,s,c,h,o,l,a,r,?,h,l,=,e,n,&,q,=,i,n,f,o,:,W,C,V,8,m,d,1,p,j,h,Q,J,:,s,c,h,o,l,a,r,.,g,o,o,g,l,e,.,c,o,m,/,&,o,u,t,p,u,t,=,c,i,t,e,&,s,c,i,r,p,=,7,&,h,l,=,e,n,"""",",", ,"""",u,r,l,_,a,d,d,_,s,c,l,i,b,"""",:, ,"""",/,c,i,t,a,t,i,o,n,s,?,h,l,=,e,n,&,x,s,r,f,=,&,c,o,n,t,i,n,u,e,=,/,s,c,h,o,l,a,r,%,3,F,q,%,3,D,c,a,r,b,o,n,%,2,B,c,a,p,t,u,r,e,%,2,6,h,l,%,3,D,e,n,%,2,6,a,s,_,s,d,t,%,3,D,0,",",3,3,&,c,i,t,i,l,m,=,1,&,u,p,d,a,t,e,_,o,p,=,l,i,b,r,a,r,y,_,a,d,d,&,i,n,f,o,=,W,C,V,8,m,d,1,p,j,h,Q,J,&,e,i,=,V,H,h,1,Z,O,O,L,I,r,i,B,y,9,Y,P,0,M,K,i,-,A,Y,&,j,s,o,n,=,"""",",", ,"""",n,u,m,_,c,i,t,a,t,i,o,n,s,"""",:, ,5,5,5,",", ,"""",c,i,t,e,d,b,y,_,u,r,l,"""",:, ,"""",/,s,c,h,o,l,a,r,?,c,i,t,e,s,=,1,4,8,1,2,3,7,7,2,7,9,3,5,2,1,0,8,4,0,&,a,s,_,s,d,t,=,5,",",3,3,&,s,c,i,o,d,t,=,0,",",3,3,&,h,l,=,e,n,"""",",", ,"""",u,r,l,_,r,e,l,a,t,e,d,_,a,r,t,i,c,l,e,s,"""",:, ,"""",/,s,c,h,o,l,a,r,?,q,=,r,e,l,a,t,e,d,:,W,C,V,8,m,d,1,p,j,h,Q,J,:,s,c,h,o,l,a,r,.,g,o,o,g,l,e,.,c,o,m,/,&,s,c,i,o,q,=,c,a,r,b,o,n,+,c,a,p,t,u,r,e,&,h,l,=,e,n,&,a,s,_,s,d,t,=,0,",",3,3,"""",}
{,"""",c,o,n,t,a,i,n,e,r,_,t,y,p,e,"""",:, ,"""",P,u,b,l,i,c,a,t,i,o,n,"""",",", ,"""",s,o,u,r,c,e,"""",:, ,"""",P,U,B,L,I,C,A,T,I,O,N,_,S,E,A,R,C,H,_,S,N,I,P,P,E,T,"""",",", ,"""",b,i,b,"""",:, ,{,"""",t,i,t,l,e,"""",:, ,"""",C,a,r,b,o,n, ,c,a,p,t,u,r,e, ,a,n,d, ,s,t,o,r,a,g,e,:, ,h,o,w, ,g,r,e,e,n, ,c,a,n, ,b,l,a,c,k, ,b,e,?,"""",",", ,"""",a,u,t,h,o,r,"""",:, ,[,"""",R,S, ,H,a,s,z,e,l,d,i,n,e,"""",],",", ,"""",p,u,b,_,y,e,a,r,"""",:, ,"""",2,0,0,9,"""",",", ,"""",v,e,n,u,e,"""",:, ,"""",S,c,i,e,n,c,e,"""",",", ,"""",a,b,s,t,r,a,c,t,"""",:, ,"""",c,a,r,b,o,n, ,d,i,o,x,i,d,e, ,e,m,i,s,s,i,o,n,s, ,i,n,t,o, ,t,h,e, ,a,t,m,o,s,p,h,e,r,e,., ,T,o, ,c,o,m,m,e,r,c,i,a,l,i,z,e, ,c,a,r,b,o,n, ,c,a,p,t,u,r,e,",", ,a,s, ,w,e,l,l, , ,a,s, ,t,r,a,n,s,p,o,r,t, ,o,f, ,l,i,q,u,i,f,i,e,d, ,c,a,r,b,o,n, , ,U,r,g,e,n,t, ,a,c,t,i,o,n, ,i,s, ,r,e,q,u,i,r,e,d, ,i,f, ,c,a,r,b,o,n, ,c,a,p,t,u,r,e, ,a,n,d, ,s,t,o,r,a,g,e, ,i,s, ,t,o,"""",},",", ,"""",f,i,l,l,e,d,"""",:, ,f,a,l,s,e,",", ,"""",g,s,r,a,n,k,"""",:, ,9,",", ,"""",p,u,b,_,u,r,l,"""",:, ,"""",h,t,t,p,s,:,/,/,w,w,w,.,s,c,i,e,n,c,e,.,o,r,g,/,d,o,i,/,a,b,s,/,1,0,.,1,1,2,6,/,s,c,i,e,n,c,e,.,1,1,7,2,2,4,6,"""",",", ,"""",a,u,t,h,o,r,_,i,d,"""",:, ,[,"""",H,T,3,s,w,Q,M,A,A,A,A,J,"""",],",", ,"""",u,r,l,_,s,c,h,o,l,a,r,b,i,b,"""",:, ,"""",/,s,c,h,o,l,a,r,?,h,l,=,e,n,&,q,=,i,n,f,o,:,C,o,1,0,O,y,C,j,x,i,c,J,:,s,c,h,o,l,a,r,.,g,o,o,g,l,e,.,c,o,m,/,&,o,u,t,p,u,t,=,c,i,t,e,&,s,c,i,r,p,=,8,&,h,l,=,e,n,"""",",", ,"""",u,r,l,_,a,d,d,_,s,c,l,i,b,"""",:, ,"""",/,c,i,t,a,t,i,o,n,s,?,h,l,=,e,n,&,x,s,r,f,=,&,c,o,n,t,i,n,u,e,=,/,s,c,h,o,l,a,r,%,3,F,q,%,3,D,c,a,r,b,o,n,%,2,B,c,a,p,t,u,r,e,%,2,6,h,l,%,3,D,e,n,%,2,6,a,s,_,s,d,t,%,3,D,0,",",3,3,&,c,i,t,i,l,m,=,1,&,u,p,d,a,t,e,_,o,p,=,l,i,b,r,a,r,y,_,a,d,d,&,i,n,f,o,=,C,o,1,0,O,y,C,j,x,i,c,J,&,e,i,=,V,H,h,1,Z,O,O,L,I,r,i,B,y,9,Y,P,0,M,K,i,-,A,Y,&,j,s,o,n,=,"""",",", ,"""",n,u,m,_,c,i,t,a,t,i,o,n,s,"""",:, ,2,0,0,1,",", ,"""",c,i,t,e,d,b,y,_,u,r,l,"""",:, ,"""",/,s,c,h,o,l,a,r,?,c,i,t,e,s,=,2,8,6,6,1,5,7,5,7,1,6,9,9,6,7,4,3,7,8,&,a,s,_,s,d,t,=,5,",",3,3,&,s,c,i,o,d,t,=,0,",",3,3,&,h,l,=,e,n,"""",",", ,"""",u,r,l,_,r,e,l,a,t,e,d,_,a,r,t,i,c,l,e,s,"""",:, ,"""",/,s,c,h,o,l,a,r,?,q,=,r,e,l,a,t,e,d,:,C,o,1,0,O,y,C,j,x,i,c,J,:,s,c,h,o,l,a,r,.,g,o,o,g,l,e,.,c,o,m,/,&,s,c,i,o,q,=,c,a,r,b,o,n,+,c,a,p,t,u,r,e,&,h,l,=,e,n,&,a,s,_,s,d,t,=,0,",",3,3,"""",",", ,"""",e,p,r,i,n,t,_,u,r,l,"""",:, ,"""",h,t,t,p,s,:,/,/,w,w,w,.,r,e,s,e,a,r,c,h,g,a,t,e,.,n,e,t,/,p,r,o,f,i,l,e,/,R,-,S,t,u,a,r,t,-,H,a,s,z,e,l,d,i,n,e,/,p,u,b,l,i,c,a,t,i,o,n,/,2,6,8,3,6,1,6,5,_,C,a,r,b,o,n,_,C,a,p,t,u,r,e,_,a,n,d,_,S,t,o,r,a,g,e,_,H,o,w,_,G,r,e,e,n,_,C,a,n,_,B,l,a,c,k,_,B,e,/,l,i,n,k,s,/,0,2,b,f,e,5,1,2,f,c,a,e,2,b,7,2,e,9,0,0,0,0,0,0,/,C,a,r,b,o,n,-,C,a,p,t,u,r,e,-,a,n,d,-,S,t,o,r,a,g,e,-,H,o,w,-,G,r,e,e,n,-,C,a,n,-,B,l,a,c,k,-,B,e,.,p,d,f,"""",}
{,"""",c,o,n,t,a,i,n,e,r,_,t,y,p,e,"""",:, ,"""",P,u,b,l,i,c,a,t,i,o,n,"""",",", ,"""",s,o,u,r,c,e,"""",:, ,"""",P,U,B,L,I,C,A,T,I,O,N,_,S,E,A,R,C,H,_,S,N,I,P,P,E,T,"""",",", ,"""",b,i,b,"""",:, ,{,"""",t,i,t,l,e,"""",:, ,"""",C,a,r,b,o,n, ,c,a,p,t,u,r,e,"""",",", ,"""",a,u,t,h,o,r,"""",:, ,[,"""",Z, ,Z,h,a,n,g,"""",",", ,"""",T,N,G, ,B,o,r,h,a,n,i,"""",",", ,"""",M,H, ,E,l,-,N,a,a,s,"""",],",", ,"""",p,u,b,_,y,e,a,r,"""",:, ,"""",2,0,1,8,"""",",", ,"""",v,e,n,u,e,"""",:, ,"""",E,x,e,r,g,e,t,i,c,",", ,e,n,e,r,g,e,t,i,c, ,a,n,d, ,\,u,2,0,2,6,"""",",", ,"""",a,b,s,t,r,a,c,t,"""",:, ,"""",C,a,r,b,o,n, ,c,a,p,t,u,r,e, ,i,s, ,r,e,g,a,r,d,e,d, ,a,s, ,a,n, ,i,m,p,o,r,t,a,n,t, ,a,n,d, ,e,f,f,e,c,t,i,v,e, ,a,p,p,r,o,a,c,h, , ,2, ,c,a,p,t,u,r,e,:, ,c,a,r,b,o,n, , ,c,a,p,t,u,r,e, ,t,e,c,h,n,o,l,o,g,i,e,s, ,a,n,d, ,c,a,r,b,o,n, ,c,a,p,t,u,r,e, ,f,o,r, ,i,n,d,u,s,t,r,i,a,l, ,a,p,p,l,i,c,a,t,i,o,n,s,., ,T,h,r,e,e, ,d,i,f,f,e,r,e,n,t, ,c,a,r,b,o,n, ,c,a,p,t,u,r,e,"""",},",", ,"""",f,i,l,l,e,d,"""",:, ,f,a,l,s,e,",", ,"""",g,s,r,a,n,k,"""",:, ,1,0,",", ,"""",p,u,b,_,u,r,l,"""",:, ,"""",h,t,t,p,s,:,/,/,w,w,w,.,s,c,i,e,n,c,e,d,i,r,e,c,t,.,c,o,m,/,s,c,i,e,n,c,e,/,a,r,t,i,c,l,e,/,p,i,i,/,B,9,7,8,0,1,2,8,1,3,7,3,4,5,0,0,0,5,6,1,"""",",", ,"""",a,u,t,h,o,r,_,i,d,"""",:, ,[,"""",3,u,Z,Y,P,Y,Q,A,A,A,A,J,"""",",", ,"""",4,h,J,A,E,e,k,A,A,A,A,J,"""",",", ,"""",y,N,q,v,y,f,k,A,A,A,A,J,"""",],",", ,"""",u,r,l,_,s,c,h,o,l,a,r,b,i,b,"""",:, ,"""",/,s,c,h,o,l,a,r,?,h,l,=,e,n,&,q,=,i,n,f,o,:,H,i,c,_,k,n,H,t,d,W,c,J,:,s,c,h,o,l,a,r,.,g,o,o,g,l,e,.,c,o,m,/,&,o,u,t,p,u,t,=,c,i,t,e,&,s,c,i,r,p,=,9,&,h,l,=,e,n,"""",",", ,"""",u,r,l,_,a,d,d,_,s,c,l,i,b,"""",:, ,"""",/,c,i,t,a,t,i,o,n,s,?,h,l,=,e,n,&,x,s,r,f,=,&,c,o,n,t,i,n,u,e,=,/,s,c,h,o,l,a,r,%,3,F,q,%,3,D,c,a,r,b,o,n,%,2,B,c,a,p,t,u,r,e,%,2,6,h,l,%,3,D,e,n,%,2,6,a,s,_,s,d,t,%,3,D,0,",",3,3,&,c,i,t,i,l,m,=,1,&,u,p,d,a,t,e,_,o,p,=,l,i,b,r,a,r,y,_,a,d,d,&,i,n,f,o,=,H,i,c,_,k,n,H,t,d,W,c,J,&,e,i,=,V,H,h,1,Z,O,O,L,I,r,i,B,y,9,Y,P,0,M,K,i,-,A,Y,&,j,s,o,n,=,"""",",", ,"""",n,u,m,_,c,i,t,a,t,i,o,n,s,"""",:, ,3,7,",", ,"""",c,i,t,e,d,b,y,_,u,r,l,"""",:, ,"""",/,s,c,h,o,l,a,r,?,c,i,t,e,s,=,7,4,5,5,1,2,5,8,3,0,2,2,2,4,2,3,8,3,8,&,a,s,_,s,d,t,=,5,",",3,3,&,s,c,i,o,d,t,=,0,",",3,3,&,h,l,=,e,n,"""",",", ,"""",u,r,l,_,r,e,l,a,t,e,d,_,a,r,t,i,c,l,e,s,"""",:, ,"""",/,s,c,h,o,l,a,r,?,q,=,r,e,l,a,t,e,d,:,H,i,c,_,k,n,H,t,d,W,c,J,:,s,c,h,o,l,a,r,.,g,o,o,g,l,e,.,c,o,m,/,&,s,c,i,o,q,=,c,a,r,b,o,n,+,c,a,p,t,u,r,e,&,h,l,=,e,n,&,a,s,_,s,d,t,=,0,",",3,3,"""",",", ,"""",e,p,r,i,n,t,_,u,r,l,"""",:, ,"""",h,t,t,p,s,:,/,/,n,e,t,l,.,d,o,e,.,g,o,v,/,s,i,t,e,s,/,d,e,f,a,u,l,t,/,f,i,l,e,s,/,p,u,b,l,i,c,a,t,i,o,n,/,N,E,T,L,-,J,a,n,u,a,r,y,-,2,0,2,3,-,C,a,r,b,o,n,-,C,a,p,t,u,r,e,-,N,e,w,s,l,e,t,t,e,r,.,p,d,f,"""",}
{,"""",c,o,n,t,a,i,n,e,r,_,t,y,p,e,"""",:, ,"""",P,u,b,l,i,c,a,t,i,o,n,"""",",", ,"""",s,o,u,r,c,e,"""",:, ,"""",P,U,B,L,I,C,A,T,I,O,N,_,S,E,A,R,C,H,_,S,N,I,P,P,E,T,"""",",", ,"""",b,i,b,"""",:, ,{,"""",t,i,t,l,e,"""",:, ,"""",C,a,r,b,o,n, ,c,a,p,t,u,r,e, ,a,n,d, ,s,t,o,r,a,g,e,"""",",", ,"""",a,u,t,h,o,r,"""",:, ,[,"""",S, ,R,a,c,k,l,e,y,"""",],",", ,"""",p,u,b,_,y,e,a,r,"""",:, ,"""",2,0,1,7,"""",",", ,"""",v,e,n,u,e,"""",:, ,"""",N,A,"""",",", ,"""",a,b,s,t,r,a,c,t,"""",:, ,"""",T,h,e, ,n,e,x,t, ,c,h,a,p,t,e,r,s, ,f,o,c,u,s, ,o,n, ,k,e,y, ,c,a,r,b,o,n, ,c,a,p,t,u,r,e, ,t,e,c,h,n,o,l,o,g,i,e,s,",", , ,s,e,c,t,i,o,n, ,o,n, ,g,e,o,l,o,g,i,c,a,l, ,s,t,o,r,a,g,e, , ,o,f, ,c,a,r,b,o,n, ,d,i,o,x,i,d,e, ,f,o,l,l,o,w,s,",", ,w,i,t,h, , ,A, ,c,h,a,p,t,e,r, ,o,n, ,c,a,r,b,o,n, ,d,i,o,x,i,d,e, ,t,r,a,n,s,p,o,r,t,a,t,i,o,n, ,i,s, ,a,l,s,o, ,i,n,c,l,u,d,e,d,.,"""",},",", ,"""",f,i,l,l,e,d,"""",:, ,f,a,l,s,e,",", ,"""",g,s,r,a,n,k,"""",:, ,1,1,",", ,"""",p,u,b,_,u,r,l,"""",:, ,"""",h,t,t,p,s,:,/,/,b,o,o,k,s,.,g,o,o,g,l,e,.,c,o,m,/,b,o,o,k,s,?,h,l,=,e,n,&,l,r,=,&,i,d,=,n,Q,G,q,D,Q,A,A,Q,B,A,J,&,o,i,=,f,n,d,&,p,g,=,P,P,1,&,d,q,=,c,a,r,b,o,n,+,c,a,p,t,u,r,e,&,o,t,s,=,W,-,J,2,L,K,h,Y,y,i,&,s,i,g,=,B,e,X,y,1,K,Y,r,z,3,o,W,y,6,1,O,9,l,l,x,O,Y,y,7,q,C,4,"""",",", ,"""",a,u,t,h,o,r,_,i,d,"""",:, ,[,"""","""",],",", ,"""",u,r,l,_,s,c,h,o,l,a,r,b,i,b,"""",:, ,"""",/,s,c,h,o,l,a,r,?,h,l,=,e,n,&,q,=,i,n,f,o,:,o,0,V,R,_,r,-,K,6,Y,U,J,:,s,c,h,o,l,a,r,.,g,o,o,g,l,e,.,c,o,m,/,&,o,u,t,p,u,t,=,c,i,t,e,&,s,c,i,r,p,=,1,0,&,h,l,=,e,n,"""",",", ,"""",u,r,l,_,a,d,d,_,s,c,l,i,b,"""",:, ,"""",/,c,i,t,a,t,i,o,n,s,?,h,l,=,e,n,&,x,s,r,f,=,&,c,o,n,t,i,n,u,e,=,/,s,c,h,o,l,a,r,%,3,F,q,%,3,D,c,a,r,b,o,n,%,2,B,c,a,p,t,u,r,e,%,2,6,h,l,%,3,D,e,n,%,2,6,s,t,a,r,t,%,3,D,1,0,%,2,6,a,s,_,s,d,t,%,3,D,0,",",3,3,&,c,i,t,i,l,m,=,1,&,u,p,d,a,t,e,_,o,p,=,l,i,b,r,a,r,y,_,a,d,d,&,i,n,f,o,=,o,0,V,R,_,r,-,K,6,Y,U,J,&,e,i,=,V,n,h,1,Z,P,y,R,D,8,b,2,m,g,H,K,5,7,_,Y,C,A,&,j,s,o,n,=,"""",",", ,"""",n,u,m,_,c,i,t,a,t,i,o,n,s,"""",:, ,5,5,8,",", ,"""",c,i,t,e,d,b,y,_,u,r,l,"""",:, ,"""",/,s,c,h,o,l,a,r,?,c,i,t,e,s,=,9,6,4,9,3,9,6,2,3,3,8,2,8,1,2,4,0,6,7,&,a,s,_,s,d,t,=,5,",",3,3,&,s,c,i,o,d,t,=,0,",",3,3,&,h,l,=,e,n,"""",",", ,"""",u,r,l,_,r,e,l,a,t,e,d,_,a,r,t,i,c,l,e,s,"""",:, ,"""",/,s,c,h,o,l,a,r,?,q,=,r,e,l,a,t,e,d,:,o,0,V,R,_,r,-,K,6,Y,U,J,:,s,c,h,o,l,a,r,.,g,o,o,g,l,e,.,c,o,m,/,&,s,c,i,o,q,=,c,a,r,b,o,n,+,c,a,p,t,u,r,e,&,h,l,=,e,n,&,a,s,_,s,d,t,=,0,",",3,3,"""",}
{,"""",c,o,n,t,a,i,n,e,r,_,t,y,p,e,"""",:, ,"""",P,u,b,l,i,c,a,t,i,o,n,"""",",", ,"""",s,o,u,r,c,e,"""",:, ,"""",P,U,B,L,I,C,A,T,I,O,N,_,S,E,A,R,C,H,_,S,N,I,P,P,E,T,"""",",", ,"""",b,i,b,"""",:, ,{,"""",t,i,t,l,e,"""",:, ,"""",T,h,e, ,o,u,t,l,o,o,k, ,f,o,r, ,i,m,p,r,o,v,e,d, ,c,a,r,b,o,n, ,c,a,p,t,u,r,e, ,t,e,c,h,n,o,l,o,g,y,"""",",", ,"""",a,u,t,h,o,r,"""",:, ,[,"""",E,S, ,R,u,b,i,n,"""",",", ,"""",H, ,M,a,n,t,r,i,p,r,a,g,a,d,a,"""",",", ,"""",A, ,M,a,r,k,s,"""",],",", ,"""",p,u,b,_,y,e,a,r,"""",:, ,"""",2,0,1,2,"""",",", ,"""",v,e,n,u,e,"""",:, ,"""",P,r,o,g,r,e,s,s, ,i,n, ,e,n,e,r,g,y, ,a,n,d, ,\,u,2,0,2,6,"""",",", ,"""",a,b,s,t,r,a,c,t,"""",:, ,"""",R,e,v,i,e,w, ,a,n,d, ,s,u,m,m,a,r,i,z,e, ,c,u,r,r,e,n,t, ,r,e,s,e,a,r,c,h, ,o,n, ,c,a,r,b,o,n, ,c,a,p,t,u,r,e, ,i,n, ,t,h,e, ,U,n,i,t,e,d, ,S,t,a,t,e,s, ,a,n,d, , ,e,l,s,e,w,h,e,r,e, ,t,o, ,a,s,s,e,s,s, ,t,h,e, ,l,i,k,e,l,y, ,e,v,o,l,u,t,i,o,n, ,o,f, ,C,O, ,2, ,c,a,p,t,u,r,e, ,t,e,c,h,n,o,l,o,g,i,e,s, ,a,n,d, ,t,h,e, ,p,o,t,e,n,t,i,a,l, ,f,o,r, ,n,e,w, ,\,u,2,0,1,c,"""",},",", ,"""",f,i,l,l,e,d,"""",:, ,f,a,l,s,e,",", ,"""",g,s,r,a,n,k,"""",:, ,2,",", ,"""",p,u,b,_,u,r,l,"""",:, ,"""",h,t,t,p,s,:,/,/,w,w,w,.,s,c,i,e,n,c,e,d,i,r,e,c,t,.,c,o,m,/,s,c,i,e,n,c,e,/,a,r,t,i,c,l,e,/,p,i,i,/,S,0,3,6,0,1,2,8,5,1,2,0,0,0,1,8,4,"""",",", ,"""",a,u,t,h,o,r,_,i,d,"""",:, ,[,"""","""",",", ,"""","""",",", ,"""","""",],",", ,"""",u,r,l,_,s,c,h,o,l,a,r,b,i,b,"""",:, ,"""",/,s,c,h,o,l,a,r,?,h,l,=,e,n,&,q,=,i,n,f,o,:,2,d,J,a,J,n,h,6,Z,3,o,J,:,s,c,h,o,l,a,r,.,g,o,o,g,l,e,.,c,o,m,/,&,o,u,t,p,u,t,=,c,i,t,e,&,s,c,i,r,p,=,1,&,h,l,=,e,n,"""",",", ,"""",u,r,l,_,a,d,d,_,s,c,l,i,b,"""",:, ,"""",/,c,i,t,a,t,i,o,n,s,?,h,l,=,e,n,&,o,e,=,A,S,C,I,I,&,x,s,r,f,=,&,c,o,n,t,i,n,u,e,=,/,s,c,h,o,l,a,r,%,3,F,q,%,3,D,c,a,r,b,o,n,%,2,B,c,a,p,t,u,r,e,%,2,6,h,l,%,3,D,e,n,%,2,6,o,e,%,3,D,A,S,C,I,I,%,2,6,a,s,_,s,d,t,%,3,D,0,",",3,3,&,c,i,t,i,l,m,=,1,&,u,p,d,a,t,e,_,o,p,=,l,i,b,r,a,r,y,_,a,d,d,&,i,n,f,o,=,2,d,J,a,J,n,h,6,Z,3,o,J,&,e,i,=,c,X,h,1,Z,P,v,e,K,Y,u,G,m,g,H,o,n,7,D,4,D,A,&,j,s,o,n,=,"""",",", ,"""",n,u,m,_,c,i,t,a,t,i,o,n,s,"""",:, ,5,5,1,",", ,"""",c,i,t,e,d,b,y,_,u,r,l,"""",:, ,"""",/,s,c,h,o,l,a,r,?,c,i,t,e,s,=,8,8,2,0,1,5,3,0,5,1,6,8,6,5,5,6,3,7,7,&,a,s,_,s,d,t,=,5,",",3,3,&,s,c,i,o,d,t,=,0,",",3,3,&,h,l,=,e,n,&,o,e,=,A,S,C,I,I,"""",",", ,"""",u,r,l,_,r,e,l,a,t,e,d,_,a,r,t,i,c,l,e,s,"""",:, ,"""",/,s,c,h,o,l,a,r,?,q,=,r,e,l,a,t,e,d,:,2,d,J,a,J,n,h,6,Z,3,o,J,:,s,c,h,o,l,a,r,.,g,o,o,g,l,e,.,c,o,m,/,&,s,c,i,o,q,=,c,a,r,b,o,n,+,c,a,p,t,u,r,e,&,h,l,=,e,n,&,o,e,=,A,S,C,I,I,&,a,s,_,s,d,t,=,0,",",3,3,"""",",", ,"""",e,p,r,i,n,t,_,u,r,l,"""",:, ,"""",h,t,t,p,s,:,/,/,w,w,w,.,c,m,u,.,e,d,u,/,e,p,p,/,i,e,c,m,/,r,u,b,i,n,/,P,D,F,%,2,0,f,i,l,e,s,/,2,0,1,2,/,T,h,e,%,2,0,O,u,t,l,o,o,k,%,2,0,f,o,r,%,2,0,i,m,p,r,o,v,e,d,%,2,0,c,a,r,b,o,n,%,2,0,c,a,p,t,u,r,e,%,2,0,t,e,c,h,n,o,l,o,g,y,_,P,E,C,S,_,2,0,1,2,.,p,d,f,"""",}
{,"""",c,o,n,t,a,i,n,e,r,_,t,y,p,e,"""",:, ,"""",P,u,b,l,i,c,a,t,i,o,n,"""",",", ,"""",s,o,u,r,c,e,"""",:, ,"""",P,U,B,L,I,C,A,T,I,O,N,_,S,E,A,R,C,H,_,S,N,I,P,P,E,T,"""",",", ,"""",b,i,b,"""",:, ,{,"""",t,i,t,l,e,"""",:, ,"""",C,a,r,b,o,n, ,c,a,p,t,u,r,e,"""",",", ,"""",a,u,t,h,o,r,"""",:, ,[,"""",J, ,W,i,l,c,o,x,"""",],",", ,"""",p,u,b,_,y,e,a,r,"""",:, ,"""",2,0,1,2,"""",",", ,"""",v,e,n,u,e,"""",:, ,"""",N,A,"""",",", ,"""",a,b,s,t,r,a,c,t,"""",:, ,"""",f,o,r, ,i,n,d,u,s,t,r,i,a,l, ,p,e,r,s,o,n,n,e,l, ,e,n,g,a,g,e,d, ,i,n, ,c,a,r,b,o,n, ,c,a,p,t,u,r,e, ,t,e,c,h,n,o,l,o,g,i,e,s, ,i,n, ,a,d,d,i,t,i,o,n, ,t,o, ,g,a,s, , ,c,a,r,b,o,n, , ,c,a,p,t,u,r,e, ,t,e,c,h,n,o,l,o,g,i,e,s,., ,F,i,n,a,l,l,y,",", ,e,n,g,i,n,e,e,r,s, ,e,v,a,l,u,a,t,i,n,g, ,s,e,p,a,r,a,t,i,o,n, ,p,r,o,c,e,s,s,e,s, ,f,o,r, ,c,a,r,b,o,n, ,c,a,p,t,u,r,e,"""",},",", ,"""",f,i,l,l,e,d,"""",:, ,f,a,l,s,e,",", ,"""",g,s,r,a,n,k,"""",:, ,3,",", ,"""",p,u,b,_,u,r,l,"""",:, ,"""",h,t,t,p,s,:,/,/,b,o,o,k,s,.,g,o,o,g,l,e,.,c,o,m,/,b,o,o,k,s,?,h,l,=,e,n,&,l,r,=,&,i,d,=,C,A,h,3,H,F,4,z,6,X,o,C,&,o,i,=,f,n,d,&,p,g,=,P,R,5,&,d,q,=,c,a,r,b,o,n,+,c,a,p,t,u,r,e,&,o,t,s,=,x,f,s,U,c,x,_,b,M,q,&,s,i,g,=,u,B,D,n,7,O,H,8,1,e,R,V,w,G,y,W,P,0,I,k,c,d,u,b,n,u,A,"""",",", ,"""",a,u,t,h,o,r,_,i,d,"""",:, ,[,"""",e,L,f,l,Q,g,Q,A,A,A,A,J,"""",],",", ,"""",u,r,l,_,s,c,h,o,l,a,r,b,i,b,"""",:, ,"""",/,s,c,h,o,l,a,r,?,h,l,=,e,n,&,q,=,i,n,f,o,:,S,D,u,d,2,j,O,E,8,l,U,J,:,s,c,h,o,l,a,r,.,g,o,o,g,l,e,.,c,o,m,/,&,o,u,t,p,u,t,=,c,i,t,e,&,s,c,i,r,p,=,2,&,h,l,=,e,n,"""",",", ,"""",u,r,l,_,a,d,d,_,s,c,l,i,b,"""",:, ,"""",/,c,i,t,a,t,i,o,n,s,?,h,l,=,e,n,&,o,e,=,A,S,C,I,I,&,x,s,r,f,=,&,c,o,n,t,i,n,u,e,=,/,s,c,h,o,l,a,r,%,3,F,q,%,3,D,c,a,r,b,o,n,%,2,B,c,a,p,t,u,r,e,%,2,6,h,l,%,3,D,e,n,%,2,6,o,e,%,3,D,A,S,C,I,I,%,2,6,a,s,_,s,d,t,%,3,D,0,",",3,3,&,c,i,t,i,l,m,=,1,&,u,p,d,a,t,e,_,o,p,=,l,i,b,r,a,r,y,_,a,d,d,&,i,n,f,o,=,S,D,u,d,2,j,O,E,8,l,U,J,&,e,i,=,c,X,h,1,Z,P,v,e,K,Y,u,G,m,g,H,o,n,7,D,4,D,A,&,j,s,o,n,=,"""",",", ,"""",n,u,m,_,c,i,t,a,t,i,o,n,s,"""",:, ,3,8,5,",", ,"""",c,i,t,e,d,b,y,_,u,r,l,"""",:, ,"""",/,s,c,h,o,l,a,r,?,c,i,t,e,s,=,6,1,9,3,1,5,7,7,9,5,8,3,3,7,8,9,2,5,6,&,a,s,_,s,d,t,=,5,",",3,3,&,s,c,i,o,d,t,=,0,",",3,3,&,h,l,=,e,n,&,o,e,=,A,S,C,I,I,"""",",", ,"""",u,r,l,_,r,e,l,a,t,e,d,_,a,r,t,i,c,l,e,s,"""",:, ,"""",/,s,c,h,o,l,a,r,?,q,=,r,e,l,a,t,e,d,:,S,D,u,d,2,j,O,E,8,l,U,J,:,s,c,h,o,l,a,r,.,g,o,o,g,l,e,.,c,o,m,/,&,s,c,i,o,q,=,c,a,r,b,o,n,+,c,a,p,t,u,r,e,&,h,l,=,e,n,&,o,e,=,A,S,C,I,I,&,a,s,_,s,d,t,=,0,",",3,3,"""",}
{,"""",c,o,n,t,a,i,n,e,r,_,t,y,p,e,"""",:, ,"""",P,u,b,l,i,c,a,t,i,o,n,"""",",", ,"""",s,o,u,r,c,e,"""",:, ,"""",P,U,B,L,I,C,A,T,I,O,N,_,S,E,A,R,C,H,_,S,N,I,P,P,E,T,"""",",", ,"""",b,i,b,"""",:, ,{,"""",t,i,t,l,e,"""",:, ,"""",C,a,r,b,o,n, ,c,a,p,t,u,r,e, ,a,n,d, ,u,t,i,l,i,z,a,t,i,o,n, ,u,p,d,a,t,e,"""",",", ,"""",a,u,t,h,o,r,"""",:, ,[,"""",A, ,A,l,\,u,2,0,1,0,M,a,m,o,o,r,i,"""",",", ,"""",A, ,K,r,i,s,h,n,a,m,u,r,t,h,y,"""",],",", ,"""",p,u,b,_,y,e,a,r,"""",:, ,"""",2,0,1,7,"""",",", ,"""",v,e,n,u,e,"""",:, ,"""",E,n,e,r,g,y, ,\,u,2,0,2,6,"""",",", ,"""",a,b,s,t,r,a,c,t,"""",:, ,"""",o,f, ,c,a,p,t,u,r,e, ,c,o,s,t,s, , ,c,a,p,t,u,r,e, ,t,e,c,h,n,o,l,o,g,i,e,s,",", ,t,h,e, ,c,o,s,t, ,o,f, ,c,a,p,t,u,r,e, ,i,s, ,e,s,t,i,m,a,t,e,d, ,t,o, ,b,e, ,a,p,p,r,o,x,i,m,a,t,e,l,y, , ,5,6, ,U,S,D, ,t, ,\,u,2,2,1,2,1, ,",", ,w,h,i,c,h, ,i,n,c,u,r,s, ,a,n, ,e,n,e,r,g,y, ,p,e,n,a,l,t,y, ,o,f, ,6,2, ,%, ,t,o, ,t,h,e, ,p,o,w,e,r, ,p,l,a,n,t,.,1,1, ,C,a,r,b,o,n, ,c,a,p,t,u,r,e,"""",},",", ,"""",f,i,l,l,e,d,"""",:, ,f,a,l,s,e,",", ,"""",g,s,r,a,n,k,"""",:, ,4,",", ,"""",p,u,b,_,u,r,l,"""",:, ,"""",h,t,t,p,s,:,/,/,o,n,l,i,n,e,l,i,b,r,a,r,y,.,w,i,l,e,y,.,c,o,m,/,d,o,i,/,a,b,s,/,1,0,.,1,0,0,2,/,e,n,t,e,.,2,0,1,6,0,0,7,4,7,"""",",", ,"""",a,u,t,h,o,r,_,i,d,"""",:, ,[,"""",D,P,_,6,Q,R,0,A,A,A,A,J,"""",",", ,"""",5,x,x,S,L,k,E,A,A,A,A,J,"""",],",", ,"""",u,r,l,_,s,c,h,o,l,a,r,b,i,b,"""",:, ,"""",/,s,c,h,o,l,a,r,?,h,l,=,e,n,&,q,=,i,n,f,o,:,U,K,t,3,t,x,J,U,D,N,c,J,:,s,c,h,o,l,a,r,.,g,o,o,g,l,e,.,c,o,m,/,&,o,u,t,p,u,t,=,c,i,t,e,&,s,c,i,r,p,=,3,&,h,l,=,e,n,"""",",", ,"""",u,r,l,_,a,d,d,_,s,c,l,i,b,"""",:, ,"""",/,c,i,t,a,t,i,o,n,s,?,h,l,=,e,n,&,o,e,=,A,S,C,I,I,&,x,s,r,f,=,&,c,o,n,t,i,n,u,e,=,/,s,c,h,o,l,a,r,%,3,F,q,%,3,D,c,a,r,b,o,n,%,2,B,c,a,p,t,u,r,e,%,2,6,h,l,%,3,D,e,n,%,2,6,o,e,%,3,D,A,S,C,I,I,%,2,6,a,s,_,s,d,t,%,3,D,0,",",3,3,&,c,i,t,i,l,m,=,1,&,u,p,d,a,t,e,_,o,p,=,l,i,b,r,a,r,y,_,a,d,d,&,i,n,f,o,=,U,K,t,3,t,x,J,U,D,N,c,J,&,e,i,=,c,X,h,1,Z,P,v,e,K,Y,u,G,m,g,H,o,n,7,D,4,D,A,&,j,s,o,n,=,"""",",", ,"""",n,u,m,_,c,i,t,a,t,i,o,n,s,"""",:, ,4,2,7,",", ,"""",c,i,t,e,d,b,y,_,u,r,l,"""",:, ,"""",/,s,c,h,o,l,a,r,?,c,i,t,e,s,=,1,5,4,9,5,8,5,2,8,5,7,2,3,9,2,5,1,7,9,2,&,a,s,_,s,d,t,=,5,",",3,3,&,s,c,i,o,d,t,=,0,",",3,3,&,h,l,=,e,n,&,o,e,=,A,S,C,I,I,"""",",", ,"""",u,r,l,_,r,e,l,a,t,e,d,_,a,r,t,i,c,l,e,s,"""",:, ,"""",/,s,c,h,o,l,a,r,?,q,=,r,e,l,a,t,e,d,:,U,K,t,3,t,x,J,U,D,N,c,J,:,s,c,h,o,l,a,r,.,g,o,o,g,l,e,.,c,o,m,/,&,s,c,i,o,q,=,c,a,r,b,o,n,+,c,a,p,t,u,r,e,&,h,l,=,e,n,&,o,e,=,A,S,C,I,I,&,a,s,_,s,d,t,=,0,",",3,3,"""",",", ,"""",e,p,r,i,n,t,_,u,r,l,"""",:, ,"""",h,t,t,p,s,:,/,/,o,n,l,i,n,e,l,i,b,r,a,r,y,.,w,i,l,e,y,.,c,o,m,/,d,o,i,/,f,u,l,l,/,1,0,.,1,0,0,2,/,e,n,t,e,.,2,0,1,6,0,0,7,4,7,"""",}
{,"""",c,o,n,t,a,i,n,e,r,_,t,y,p,e,"""",:, ,"""",P,u,b,l,i,c,a,t,i,o,n,"""",",", ,"""",s,o,u,r,c,e,"""",:, ,"""",P,U,B,L,I,C,A,T,I,O,N,_,S,E,A,R,C,H,_,S,N,I,P,P,E,T,"""",",", ,"""",b,i,b,"""",:, ,{,"""",t,i,t,l,e,"""",:, ,"""",O,u,t,l,o,o,k, ,o,f, ,c,a,r,b,o,n, ,c,a,p,t,u,r,e, ,t,e,c,h,n,o,l,o,g,y, ,a,n,d, ,c,h,a,l,l,e,n,g,e,s,"""",",", ,"""",a,u,t,h,o,r,"""",:, ,[,"""",T, ,W,i,l,b,e,r,f,o,r,c,e,"""",",", ,"""",A, ,B,a,r,o,u,t,a,j,i,"""",",", ,"""",B, ,S,o,u,d,a,n,"""",],",", ,"""",p,u,b,_,y,e,a,r,"""",:, ,"""",2,0,1,9,"""",",", ,"""",v,e,n,u,e,"""",:, ,"""",S,c,i,e,n,c,e, ,o,f, ,t,h,e, ,t,o,t,a,l, ,\,u,2,0,2,6,"""",",", ,"""",a,b,s,t,r,a,c,t,"""",:, ,"""",C,a,r,b,o,n, ,C,a,p,t,u,r,e, ,a,n,d, ,S,t,o,r,a,g,e, ,(,C,C,S,), ,t,e,c,h,n,o,l,o,g,y, ,t,h,a,t, ,c,a,n, ,c,a,p,t,u,r,e, ,m,o,r,e, ,t,h,a,n, ,9,0,%, ,o,f, ,c,a,r,b,o,n, , , ,T,h,i,s, ,p,a,p,e,r, ,p,r,e,s,e,n,t,s, ,a,n, ,e,v,a,l,u,a,t,i,o,n, ,o,f, ,s,t,a,t,e,-,o,f,-,t,h,e,-,a,r,t, ,t,e,c,h,n,o,l,o,g,i,e,s, ,u,s,e,d, ,i,n, ,t,h,e, ,c,a,p,t,u,r,i,n,g, ,C,O,"""",},",", ,"""",f,i,l,l,e,d,"""",:, ,f,a,l,s,e,",", ,"""",g,s,r,a,n,k,"""",:, ,5,",", ,"""",p,u,b,_,u,r,l,"""",:, ,"""",h,t,t,p,s,:,/,/,w,w,w,.,s,c,i,e,n,c,e,d,i,r,e,c,t,.,c,o,m,/,s,c,i,e,n,c,e,/,a,r,t,i,c,l,e,/,p,i,i,/,S,0,0,4,8,9,6,9,7,1,8,3,4,7,7,9,X,"""",",", ,"""",a,u,t,h,o,r,_,i,d,"""",:, ,[,"""",O,c,O,n,I,E,c,A,A,A,A,J,"""",",", ,"""",9,r,j,k,m,g,s,A,A,A,A,J,"""",",", ,"""",B,i,u,O,2,y,Y,A,A,A,A,J,"""",],",", ,"""",u,r,l,_,s,c,h,o,l,a,r,b,i,b,"""",:, ,"""",/,s,c,h,o,l,a,r,?,h,l,=,e,n,&,q,=,i,n,f,o,:,Z,D,A,s,Z,0,4,v,1,4,8,J,:,s,c,h,o,l,a,r,.,g,o,o,g,l,e,.,c,o,m,/,&,o,u,t,p,u,t,=,c,i,t,e,&,s,c,i,r,p,=,4,&,h,l,=,e,n,"""",",", ,"""",u,r,l,_,a,d,d,_,s,c,l,i,b,"""",:, ,"""",/,c,i,t,a,t,i,o,n,s,?,h,l,=,e,n,&,o,e,=,A,S,C,I,I,&,x,s,r,f,=,&,c,o,n,t,i,n,u,e,=,/,s,c,h,o,l,a,r,%,3,F,q,%,3,D,c,a,r,b,o,n,%,2,B,c,a,p,t,u,r,e,%,2,6,h,l,%,3,D,e,n,%,2,6,o,e,%,3,D,A,S,C,I,I,%,2,6,a,s,_,s,d,t,%,3,D,0,",",3,3,&,c,i,t,i,l,m,=,1,&,u,p,d,a,t,e,_,o,p,=,l,i,b,r,a,r,y,_,a,d,d,&,i,n,f,o,=,Z,D,A,s,Z,0,4,v,1,4,8,J,&,e,i,=,c,X,h,1,Z,P,v,e,K,Y,u,G,m,g,H,o,n,7,D,4,D,A,&,j,s,o,n,=,"""",",", ,"""",n,u,m,_,c,i,t,a,t,i,o,n,s,"""",:, ,2,6,8,",", ,"""",c,i,t,e,d,b,y,_,u,r,l,"""",:, ,"""",/,s,c,h,o,l,a,r,?,c,i,t,e,s,=,1,0,3,6,4,8,0,5,0,8,1,2,0,1,3,8,9,6,6,8,&,a,s,_,s,d,t,=,5,",",3,3,&,s,c,i,o,d,t,=,0,",",3,3,&,h,l,=,e,n,&,o,e,=,A,S,C,I,I,"""",",", ,"""",u,r,l,_,r,e,l,a,t,e,d,_,a,r,t,i,c,l,e,s,"""",:, ,"""",/,s,c,h,o,l,a,r,?,q,=,r,e,l,a,t,e,d,:,Z,D,A,s,Z,0,4,v,1,4,8,J,:,s,c,h,o,l,a,r,.,g,o,o,g,l,e,.,c,o,m,/,&,s,c,i,o,q,=,c,a,r,b,o,n,+,c,a,p,t,u,r,e,&,h,l,=,e,n,&,o,e,=,A,S,C,I,I,&,a,s,_,s,d,t,=,0,",",3,3,"""",",", ,"""",e,p,r,i,n,t,_,u,r,l,"""",:, ,"""",h,t,t,p,s,:,/,/,w,l,v,.,o,p,e,n,r,e,p,o,s,i,t,o,r,y,.,c,o,m,/,b,i,t,s,t,r,e,a,m,/,h,a,n,d,l,e,/,2,4,3,6,/,6,2,2,1,2,4,/,O,u,t,l,o,o,k,%,2,0,o,f,%,2,0,C,a,r,b,o,n,%,2,0,C,a,p,t,u,r,e,%,2,0,T,e,c,h,n,o,l,o,g,y,%,2,0,a,n,d,%,2,0,C,h,a,l,l,e,n,g,e,s,.,p,d,f,?,s,e,q,u,e,n,c,e,=,1,&,i,s,A,l,l,o,w,e,d,=,n,"""",}
{,"""",c,o,n,t,a,i,n,e,r,_,t,y,p,e,"""",:, ,"""",P,u,b,l,i,c,a,t,i,o,n,"""",",", ,"""",s,o,u,r,c,e,"""",:, ,"""",P,U,B,L,I,C,A,T,I,O,N,_,S,E,A,R,C,H,_,S,N,I,P,P,E,T,"""",",", ,"""",b,i,b,"""",:, ,{,"""",t,i,t,l,e,"""",:, ,"""",C,a,r,b,o,n, ,c,a,p,t,u,r,e, ,a,n,d, ,s,t,o,r,a,g,e,"""",",", ,"""",a,u,t,h,o,r,"""",:, ,[,"""",J, ,G,i,b,b,i,n,s,"""",",", ,"""",H, ,C,h,a,l,m,e,r,s,"""",],",", ,"""",p,u,b,_,y,e,a,r,"""",:, ,"""",2,0,0,8,"""",",", ,"""",v,e,n,u,e,"""",:, ,"""",E,n,e,r,g,y, ,p,o,l,i,c,y,"""",",", ,"""",a,b,s,t,r,a,c,t,"""",:, ,"""",C,a,p,t,u,r,e,-,r,e,a,d,y, ,p,l,a,n,t,s, ,a,r,e, ,d,e,s,i,g,n,e,d, ,s,o, ,t,h,a,t, ,c,a,p,t,u,r,e, ,e,q,u,i,p,m,e,n,t, ,c,a,n, ,b,e, ,r,e,t,r,o,f,i,t,t,e,d, ,e,a,s,i,l,y, ,l,a,t,e,r,",", , ,w,h,e,n, ,j,u,s,t,i,f,i,e,d, ,b,y, ,t,h,e, ,r,i,s,i,n,g, ,c,o,s,t, ,o,f, ,c,a,r,b,o,n, , ,s,t,u,d,y, ,o,f, ,h,o,w, ,c,a,p,t,u,r,e, ,c,o,u,l,d, ,b,e, ,i,m,p,l,e,m,e,n,t,e,d, ,l,a,t,e,r,"""",},",", ,"""",f,i,l,l,e,d,"""",:, ,f,a,l,s,e,",", ,"""",g,s,r,a,n,k,"""",:, ,6,",", ,"""",p,u,b,_,u,r,l,"""",:, ,"""",h,t,t,p,s,:,/,/,w,w,w,.,s,c,i,e,n,c,e,d,i,r,e,c,t,.,c,o,m,/,s,c,i,e,n,c,e,/,a,r,t,i,c,l,e,/,p,i,i,/,S,0,3,0,1,4,2,1,5,0,8,0,0,4,4,3,6,"""",",", ,"""",a,u,t,h,o,r,_,i,d,"""",:, ,[,"""",T,V,8,l,C,P,s,A,A,A,A,J,"""",",", ,"""",v,p,6,W,9,u,0,A,A,A,A,J,"""",],",", ,"""",u,r,l,_,s,c,h,o,l,a,r,b,i,b,"""",:, ,"""",/,s,c,h,o,l,a,r,?,h,l,=,e,n,&,q,=,i,n,f,o,:,a,T,s,T,w,p,F,w,r,Q,c,J,:,s,c,h,o,l,a,r,.,g,o,o,g,l,e,.,c,o,m,/,&,o,u,t,p,u,t,=,c,i,t,e,&,s,c,i,r,p,=,5,&,h,l,=,e,n,"""",",", ,"""",u,r,l,_,a,d,d,_,s,c,l,i,b,"""",:, ,"""",/,c,i,t,a,t,i,o,n,s,?,h,l,=,e,n,&,o,e,=,A,S,C,I,I,&,x,s,r,f,=,&,c,o,n,t,i,n,u,e,=,/,s,c,h,o,l,a,r,%,3,F,q,%,3,D,c,a,r,b,o,n,%,2,B,c,a,p,t,u,r,e,%,2,6,h,l,%,3,D,e,n,%,2,6,o,e,%,3,D,A,S,C,I,I,%,2,6,a,s,_,s,d,t,%,3,D,0,",",3,3,&,c,i,t,i,l,m,=,1,&,u,p,d,a,t,e,_,o,p,=,l,i,b,r,a,r,y,_,a,d,d,&,i,n,f,o,=,a,T,s,T,w,p,F,w,r,Q,c,J,&,e,i,=,c,X,h,1,Z,P,v,e,K,Y,u,G,m,g,H,o,n,7,D,4,D,A,&,j,s,o,n,=,"""",",", ,"""",n,u,m,_,c,i,t,a,t,i,o,n,s,"""",:, ,1,0,6,9,",", ,"""",c,i,t,e,d,b,y,_,u,r,l,"""",:, ,"""",/,s,c,h,o,l,a,r,?,c,i,t,e,s,=,5,5,3,2,2,2,1,0,0,5,6,5,0,4,8,1,6,9,&,a,s,_,s,d,t,=,5,",",3,3,&,s,c,i,o,d,t,=,0,",",3,3,&,h,l,=,e,n,&,o,e,=,A,S,C,I,I,"""",",", ,"""",u,r,l,_,r,e,l,a,t,e,d,_,a,r,t,i,c,l,e,s,"""",:, ,"""",/,s,c,h,o,l,a,r,?,q,=,r,e,l,a,t,e,d,:,a,T,s,T,w,p,F,w,r,Q,c,J,:,s,c,h,o,l,a,r,.,g,o,o,g,l,e,.,c,o,m,/,&,s,c,i,o,q,=,c,a,r,b,o,n,+,c,a,p,t,u,r,e,&,h,l,=,e,n,&,o,e,=,A,S,C,I,I,&,a,s,_,s,d,t,=,0,",",3,3,"""",",", ,"""",e,p,r,i,n,t,_,u,r,l,"""",:, ,"""",h,t,t,p,s,:,/,/,u,k,.,a,m,b,a,f,r,a,n,c,e,.,o,r,g,/,I,M,G,/,p,d,f,/,G,i,b,b,i,n,s,-,S,l,i,d,e,s,-,S,e,m,i,n,a,r,.,p,d,f,"""",}
{,"""",c,o,n,t,a,i,n,e,r,_,t,y,p,e,"""",:, ,"""",P,u,b,l,i,c,a,t,i,o,n,"""",",", ,"""",s,o,u,r,c,e,"""",:, ,"""",P,U,B,L,I,C,A,T,I,O,N,_,S,E,A,R,C,H,_,S,N,I,P,P,E,T,"""",",", ,"""",b,i,b,"""",:, ,{,"""",t,i,t,l,e,"""",:, ,"""",C,a,r,b,o,n, ,c,a,p,t,u,r,e, ,a,n,d, ,s,t,o,r,a,g,e, ,u,p,d,a,t,e,"""",",", ,"""",a,u,t,h,o,r,"""",:, ,[,"""",M,E, ,B,o,o,t,-,H,a,n,d,f,o,r,d,"""",",", ,"""",J,C, ,A,b,a,n,a,d,e,s,"""",],",", ,"""",p,u,b,_,y,e,a,r,"""",:, ,"""",2,0,1,4,"""",",", ,"""",v,e,n,u,e,"""",:, ,"""",E,n,e,r,g,y, ,&, ,\,u,2,0,2,6,"""",",", ,"""",a,b,s,t,r,a,c,t,"""",:, ,"""",T,h,i,s, ,p,a,p,e,r, ,d,i,s,c,u,s,s,e,s, ,C,a,r,b,o,n, ,C,a,p,t,u,r,e, ,a,n,d, ,S,t,o,r,a,g,e, ,(,C,C,S,),",", ,a,s, ,o,n,e, ,m,e,t,h,o,d, ,t,o, ,m,i,t,i,g,a,t,e, , , ,C,a,r,b,o,n, ,c,a,p,t,u,r,e, ,a,n,d, ,s,t,o,r,a,g,e, ,r,e,f,e,r,s, ,t,o, ,a, ,n,u,m,b,e,r, ,o,f, ,t,e,c,h,n,o,l,o,g,i,e,s, ,w,h,i,c,h, ,c,a,p,t,u,r,e, ,C,O, ,2, ,a,t, ,s,o,m,e, ,s,t,a,g,e,"""",},",", ,"""",f,i,l,l,e,d,"""",:, ,f,a,l,s,e,",", ,"""",g,s,r,a,n,k,"""",:, ,7,",", ,"""",p,u,b,_,u,r,l,"""",:, ,"""",h,t,t,p,s,:,/,/,p,u,b,s,.,r,s,c,.,o,r,g,/,e,n,/,c,o,n,t,e,n,t,/,a,r,t,i,c,l,e,h,t,m,l,/,2,0,1,3,/,e,e,/,c,3,e,e,4,2,3,5,0,f,"""",",", ,"""",a,u,t,h,o,r,_,i,d,"""",:, ,[,"""",2,_,x,_,5,F,0,A,A,A,A,J,"""",",", ,"""",l,B,a,_,F,T,s,A,A,A,A,J,"""",],",", ,"""",u,r,l,_,s,c,h,o,l,a,r,b,i,b,"""",:, ,"""",/,s,c,h,o,l,a,r,?,h,l,=,e,n,&,q,=,i,n,f,o,:,L,o,L,o,J,d,d,a,Q,6,E,J,:,s,c,h,o,l,a,r,.,g,o,o,g,l,e,.,c,o,m,/,&,o,u,t,p,u,t,=,c,i,t,e,&,s,c,i,r,p,=,6,&,h,l,=,e,n,"""",",", ,"""",u,r,l,_,a,d,d,_,s,c,l,i,b,"""",:, ,"""",/,c,i,t,a,t,i,o,n,s,?,h,l,=,e,n,&,o,e,=,A,S,C,I,I,&,x,s,r,f,=,&,c,o,n,t,i,n,u,e,=,/,s,c,h,o,l,a,r,%,3,F,q,%,3,D,c,a,r,b,o,n,%,2,B,c,a,p,t,u,r,e,%,2,6,h,l,%,3,D,e,n,%,2,6,o,e,%,3,D,A,S,C,I,I,%,2,6,a,s,_,s,d,t,%,3,D,0,",",3,3,&,c,i,t,i,l,m,=,1,&,u,p,d,a,t,e,_,o,p,=,l,i,b,r,a,r,y,_,a,d,d,&,i,n,f,o,=,L,o,L,o,J,d,d,a,Q,6,E,J,&,e,i,=,c,X,h,1,Z,P,v,e,K,Y,u,G,m,g,H,o,n,7,D,4,D,A,&,j,s,o,n,=,"""",",", ,"""",n,u,m,_,c,i,t,a,t,i,o,n,s,"""",:, ,2,0,6,8,",", ,"""",c,i,t,e,d,b,y,_,u,r,l,"""",:, ,"""",/,s,c,h,o,l,a,r,?,c,i,t,e,s,=,1,1,6,2,0,2,3,1,3,4,3,6,4,6,4,7,4,7,9,8,&,a,s,_,s,d,t,=,5,",",3,3,&,s,c,i,o,d,t,=,0,",",3,3,&,h,l,=,e,n,&,o,e,=,A,S,C,I,I,"""",",", ,"""",u,r,l,_,r,e,l,a,t,e,d,_,a,r,t,i,c,l,e,s,"""",:, ,"""",/,s,c,h,o,l,a,r,?,q,=,r,e,l,a,t,e,d,:,L,o,L,o,J,d,d,a,Q,6,E,J,:,s,c,h,o,l,a,r,.,g,o,o,g,l,e,.,c,o,m,/,&,s,c,i,o,q,=,c,a,r,b,o,n,+,c,a,p,t,u,r,e,&,h,l,=,e,n,&,o,e,=,A,S,C,I,I,&,a,s,_,s,d,t,=,0,",",3,3,"""",",", ,"""",e,p,r,i,n,t,_,u,r,l,"""",:, ,"""",h,t,t,p,s,:,/,/,p,u,b,s,.,r,s,c,.,o,r,g,/,e,n,/,c,o,n,t,e,n,t,/,p,d,f,/,a,r,t,i,c,l,e,/,2,0,1,4,/,e,e,/,c,3,e,e,4,2,3,5,0,f,"""",}
{,"""",c,o,n,t,a,i,n,e,r,_,t,y,p,e,"""",:, ,"""",P,u,b,l,i,c,a,t,i,o,n,"""",",", ,"""",s,o,u,r,c,e,"""",:, ,"""",P,U,B,L,I,C,A,T,I,O,N,_,S,E,A,R,C,H,_,S,N,I,P,P,E,T,"""",",", ,"""",b,i,b,"""",:, ,{,"""",t,i,t,l,e,"""",:, ,"""",C,a,r,b,o,n, ,c,a,p,t,u,r,e, ,a,n,d, ,s,e,q,u,e,s,t,r,a,t,i,o,n,"""",",", ,"""",a,u,t,h,o,r,"""",:, ,[,"""",S, ,C,h,u,"""",],",", ,"""",p,u,b,_,y,e,a,r,"""",:, ,"""",2,0,0,9,"""",",", ,"""",v,e,n,u,e,"""",:, ,"""",S,c,i,e,n,c,e,"""",",", ,"""",a,b,s,t,r,a,c,t,"""",:, ,"""",a,n,d, ,m,e,t,h,a,n,e,",", ,C,O, ,2, ,c,a,p,t,u,r,e, ,b,a,s,e,d, ,o,n, ,p,h,a,s,e, ,s,e,p,a,r,a,t,i,o,n,",", ,a,n,d, , ,c,a,p,t,u,r,e,?, ,S,i,m,i,l,a,r,l,y,",", ,n,a,t,u,r,e, , ,p,r,o,v,i,d,e,s, ,p,r,o,o,f, ,t,h,a,t, ,t,h,e, ,e,n,e,r,g,y, ,p,e,n,a,l,t,y, ,f,o,r, ,r,e,l,e,a,s,i,n,g, ,a,d,s,o,r,b,e,d, ,C,O, ,2, ,i,n, ,p,o,s,t,c,o,m,b,u,s,t,i,o,n, ,c,a,p,t,u,r,e,"""",},",", ,"""",f,i,l,l,e,d,"""",:, ,f,a,l,s,e,",", ,"""",g,s,r,a,n,k,"""",:, ,8,",", ,"""",p,u,b,_,u,r,l,"""",:, ,"""",h,t,t,p,s,:,/,/,w,w,w,.,s,c,i,e,n,c,e,.,o,r,g,/,d,o,i,/,a,b,s,/,1,0,.,1,1,2,6,/,s,c,i,e,n,c,e,.,1,1,8,1,6,3,7,"""",",", ,"""",a,u,t,h,o,r,_,i,d,"""",:, ,[,"""",b,9,B,o,d,2,M,A,A,A,A,J,"""",],",", ,"""",u,r,l,_,s,c,h,o,l,a,r,b,i,b,"""",:, ,"""",/,s,c,h,o,l,a,r,?,h,l,=,e,n,&,q,=,i,n,f,o,:,W,C,V,8,m,d,1,p,j,h,Q,J,:,s,c,h,o,l,a,r,.,g,o,o,g,l,e,.,c,o,m,/,&,o,u,t,p,u,t,=,c,i,t,e,&,s,c,i,r,p,=,7,&,h,l,=,e,n,"""",",", ,"""",u,r,l,_,a,d,d,_,s,c,l,i,b,"""",:, ,"""",/,c,i,t,a,t,i,o,n,s,?,h,l,=,e,n,&,o,e,=,A,S,C,I,I,&,x,s,r,f,=,&,c,o,n,t,i,n,u,e,=,/,s,c,h,o,l,a,r,%,3,F,q,%,3,D,c,a,r,b,o,n,%,2,B,c,a,p,t,u,r,e,%,2,6,h,l,%,3,D,e,n,%,2,6,o,e,%,3,D,A,S,C,I,I,%,2,6,a,s,_,s,d,t,%,3,D,0,",",3,3,&,c,i,t,i,l,m,=,1,&,u,p,d,a,t,e,_,o,p,=,l,i,b,r,a,r,y,_,a,d,d,&,i,n,f,o,=,W,C,V,8,m,d,1,p,j,h,Q,J,&,e,i,=,c,X,h,1,Z,P,v,e,K,Y,u,G,m,g,H,o,n,7,D,4,D,A,&,j,s,o,n,=,"""",",", ,"""",n,u,m,_,c,i,t,a,t,i,o,n,s,"""",:, ,5,5,5,",", ,"""",c,i,t,e,d,b,y,_,u,r,l,"""",:, ,"""",/,s,c,h,o,l,a,r,?,c,i,t,e,s,=,1,4,8,1,2,3,7,7,2,7,9,3,5,2,1,0,8,4,0,&,a,s,_,s,d,t,=,5,",",3,3,&,s,c,i,o,d,t,=,0,",",3,3,&,h,l,=,e,n,&,o,e,=,A,S,C,I,I,"""",",", ,"""",u,r,l,_,r,e,l,a,t,e,d,_,a,r,t,i,c,l,e,s,"""",:, ,"""",/,s,c,h,o,l,a,r,?,q,=,r,e,l,a,t,e,d,:,W,C,V,8,m,d,1,p,j,h,Q,J,:,s,c,h,o,l,a,r,.,g,o,o,g,l,e,.,c,o,m,/,&,s,c,i,o,q,=,c,a,r,b,o,n,+,c,a,p,t,u,r,e,&,h,l,=,e,n,&,o,e,=,A,S,C,I,I,&,a,s,_,s,d,t,=,0,",",3,3,"""",}
{,"""",c,o,n,t,a,i,n,e,r,_,t,y,p,e,"""",:, ,"""",P,u,b,l,i,c,a,t,i,o,n,"""",",", ,"""",s,o,u,r,c,e,"""",:, ,"""",P,U,B,L,I,C,A,T,I,O,N,_,S,E,A,R,C,H,_,S,N,I,P,P,E,T,"""",",", ,"""",b,i,b,"""",:, ,{,"""",t,i,t,l,e,"""",:, ,"""",C,a,r,b,o,n, ,c,a,p,t,u,r,e, ,a,n,d, ,s,t,o,r,a,g,e,:, ,h,o,w, ,g,r,e,e,n, ,c,a,n, ,b,l,a,c,k, ,b,e,?,"""",",", ,"""",a,u,t,h,o,r,"""",:, ,[,"""",R,S, ,H,a,s,z,e,l,d,i,n,e,"""",],",", ,"""",p,u,b,_,y,e,a,r,"""",:, ,"""",2,0,0,9,"""",",", ,"""",v,e,n,u,e,"""",:, ,"""",S,c,i,e,n,c,e,"""",",", ,"""",a,b,s,t,r,a,c,t,"""",:, ,"""",c,a,r,b,o,n, ,d,i,o,x,i,d,e, ,e,m,i,s,s,i,o,n,s, ,i,n,t,o, ,t,h,e, ,a,t,m,o,s,p,h,e,r,e,., ,T,o, ,c,o,m,m,e,r,c,i,a,l,i,z,e, ,c,a,r,b,o,n, ,c,a,p,t,u,r,e,",", ,a,s, ,w,e,l,l, , ,a,s, ,t,r,a,n,s,p,o,r,t, ,o,f, ,l,i,q,u,i,f,i,e,d, ,c,a,r,b,o,n, , ,U,r,g,e,n,t, ,a,c,t,i,o,n, ,i,s, ,r,e,q,u,i,r,e,d, ,i,f, ,c,a,r,b,o,n, ,c,a,p,t,u,r,e, ,a,n,d, ,s,t,o,r,a,g,e, ,i,s, ,t,o,"""",},",", ,"""",f,i,l,l,e,d,"""",:, ,f,a,l,s,e,",", ,"""",g,s,r,a,n,k,"""",:, ,9,",", ,"""",p,u,b,_,u,r,l,"""",:, ,"""",h,t,t,p,s,:,/,/,w,w,w,.,s,c,i,e,n,c,e,.,o,r,g,/,d,o,i,/,a,b,s,/,1,0,.,1,1,2,6,/,s,c,i,e,n,c,e,.,1,1,7,2,2,4,6,"""",",", ,"""",a,u,t,h,o,r,_,i,d,"""",:, ,[,"""",H,T,3,s,w,Q,M,A,A,A,A,J,"""",],",", ,"""",u,r,l,_,s,c,h,o,l,a,r,b,i,b,"""",:, ,"""",/,s,c,h,o,l,a,r,?,h,l,=,e,n,&,q,=,i,n,f,o,:,C,o,1,0,O,y,C,j,x,i,c,J,:,s,c,h,o,l,a,r,.,g,o,o,g,l,e,.,c,o,m,/,&,o,u,t,p,u,t,=,c,i,t,e,&,s,c,i,r,p,=,8,&,h,l,=,e,n,"""",",", ,"""",u,r,l,_,a,d,d,_,s,c,l,i,b,"""",:, ,"""",/,c,i,t,a,t,i,o,n,s,?,h,l,=,e,n,&,o,e,=,A,S,C,I,I,&,x,s,r,f,=,&,c,o,n,t,i,n,u,e,=,/,s,c,h,o,l,a,r,%,3,F,q,%,3,D,c,a,r,b,o,n,%,2,B,c,a,p,t,u,r,e,%,2,6,h,l,%,3,D,e,n,%,2,6,o,e,%,3,D,A,S,C,I,I,%,2,6,a,s,_,s,d,t,%,3,D,0,",",3,3,&,c,i,t,i,l,m,=,1,&,u,p,d,a,t,e,_,o,p,=,l,i,b,r,a,r,y,_,a,d,d,&,i,n,f,o,=,C,o,1,0,O,y,C,j,x,i,c,J,&,e,i,=,c,X,h,1,Z,P,v,e,K,Y,u,G,m,g,H,o,n,7,D,4,D,A,&,j,s,o,n,=,"""",",", ,"""",n,u,m,_,c,i,t,a,t,i,o,n,s,"""",:, ,2,0,0,1,",", ,"""",c,i,t,e,d,b,y,_,u,r,l,"""",:, ,"""",/,s,c,h,o,l,a,r,?,c,i,t,e,s,=,2,8,6,6,1,5,7,5,7,1,6,9,9,6,7,4,3,7,8,&,a,s,_,s,d,t,=,5,",",3,3,&,s,c,i,o,d,t,=,0,",",3,3,&,h,l,=,e,n,&,o,e,=,A,S,C,I,I,"""",",", ,"""",u,r,l,_,r,e,l,a,t,e,d,_,a,r,t,i,c,l,e,s,"""",:, ,"""",/,s,c,h,o,l,a,r,?,q,=,r,e,l,a,t,e,d,:,C,o,1,0,O,y,C,j,x,i,c,J,:,s,c,h,o,l,a,r,.,g,o,o,g,l,e,.,c,o,m,/,&,s,c,i,o,q,=,c,a,r,b,o,n,+,c,a,p,t,u,r,e,&,h,l,=,e,n,&,o,e,=,A,S,C,I,I,&,a,s,_,s,d,t,=,0,",",3,3,"""",",", ,"""",e,p,r,i,n,t,_,u,r,l,"""",:, ,"""",h,t,t,p,s,:,/,/,w,w,w,.,r,e,s,e,a,r,c,h,g,a,t,e,.,n,e,t,/,p,r,o,f,i,l,e,/,R,-,S,t,u,a,r,t,-,H,a,s,z,e,l,d,i,n,e,/,p,u,b,l,i,c,a,t,i,o,n,/,2,6,8,3,6,1,6,5,_,C,a,r,b,o,n,_,C,a,p,t,u,r,e,_,a,n,d,_,S,t,o,r,a,g,e,_,H,o,w,_,G,r,e,e,n,_,C,a,n,_,B,l,a,c,k,_,B,e,/,l,i,n,k,s,/,0,2,b,f,e,5,1,2,f,c,a,e,2,b,7,2,e,9,0,0,0,0,0,0,/,C,a,r,b,o,n,-,C,a,p,t,u,r,e,-,a,n,d,-,S,t,o,r,a,g,e,-,H,o,w,-,G,r,e,e,n,-,C,a,n,-,B,l,a,c,k,-,B,e,.,p,d,f,"""",}
{,"""",c,o,n,t,a,i,n,e,r,_,t,y,p,e,"""",:, ,"""",P,u,b,l,i,c,a,t,i,o,n,"""",",", ,"""",s,o,u,r,c,e,"""",:, ,"""",P,U,B,L,I,C,A,T,I,O,N,_,S,E,A,R,C,H,_,S,N,I,P,P,E,T,"""",",", ,"""",b,i,b,"""",:, ,{,"""",t,i,t,l,e,"""",:, ,"""",C,a,r,b,o,n, ,c,a,p,t,u,r,e,"""",",", ,"""",a,u,t,h,o,r,"""",:, ,[,"""",Z, ,Z,h,a,n,g,"""",",", ,"""",T,N,G, ,B,o,r,h,a,n,i,"""",",", ,"""",M,H, ,E,l,-,N,a,a,s,"""",],",", ,"""",p,u,b,_,y,e,a,r,"""",:, ,"""",2,0,1,8,"""",",", ,"""",v,e,n,u,e,"""",:, ,"""",E,x,e,r,g,e,t,i,c,",", ,e,n,e,r,g,e,t,i,c, ,a,n,d, ,\,u,2,0,2,6,"""",",", ,"""",a,b,s,t,r,a,c,t,"""",:, ,"""",C,a,r,b,o,n, ,c,a,p,t,u,r,e, ,i,s, ,r,e,g,a,r,d,e,d, ,a,s, ,a,n, ,i,m,p,o,r,t,a,n,t, ,a,n,d, ,e,f,f,e,c,t,i,v,e, ,a,p,p,r,o,a,c,h, , ,2, ,c,a,p,t,u,r,e,:, ,c,a,r,b,o,n, , ,c,a,p,t,u,r,e, ,t,e,c,h,n,o,l,o,g,i,e,s, ,a,n,d, ,c,a,r,b,o,n, ,c,a,p,t,u,r,e, ,f,o,r, ,i,n,d,u,s,t,r,i,a,l, ,a,p,p,l,i,c,a,t,i,o,n,s,., ,T,h,r,e,e, ,d,i,f,f,e,r,e,n,t, ,c,a,r,b,o,n, ,c,a,p,t,u,r,e,"""",},",", ,"""",f,i,l,l,e,d,"""",:, ,f,a,l,s,e,",", ,"""",g,s,r,a,n,k,"""",:, ,1,0,",", ,"""",p,u,b,_,u,r,l,"""",:, ,"""",h,t,t,p,s,:,/,/,w,w,w,.,s,c,i,e,n,c,e,d,i,r,e,c,t,.,c,o,m,/,s,c,i,e,n,c,e,/,a,r,t,i,c,l,e,/,p,i,i,/,B,9,7,8,0,1,2,8,1,3,7,3,4,5,0,0,0,5,6,1,"""",",", ,"""",a,u,t,h,o,r,_,i,d,"""",:, ,[,"""",3,u,Z,Y,P,Y,Q,A,A,A,A,J,"""",",", ,"""",4,h,J,A,E,e,k,A,A,A,A,J,"""",",", ,"""",y,N,q,v,y,f,k,A,A,A,A,J,"""",],",", ,"""",u,r,l,_,s,c,h,o,l,a,r,b,i,b,"""",:, ,"""",/,s,c,h,o,l,a,r,?,h,l,=,e,n,&,q,=,i,n,f,o,:,H,i,c,_,k,n,H,t,d,W,c,J,:,s,c,h,o,l,a,r,.,g,o,o,g,l,e,.,c,o,m,/,&,o,u,t,p,u,t,=,c,i,t,e,&,s,c,i,r,p,=,9,&,h,l,=,e,n,"""",",", ,"""",u,r,l,_,a,d,d,_,s,c,l,i,b,"""",:, ,"""",/,c,i,t,a,t,i,o,n,s,?,h,l,=,e,n,&,o,e,=,A,S,C,I,I,&,x,s,r,f,=,&,c,o,n,t,i,n,u,e,=,/,s,c,h,o,l,a,r,%,3,F,q,%,3,D,c,a,r,b,o,n,%,2,B,c,a,p,t,u,r,e,%,2,6,h,l,%,3,D,e,n,%,2,6,o,e,%,3,D,A,S,C,I,I,%,2,6,a,s,_,s,d,t,%,3,D,0,",",3,3,&,c,i,t,i,l,m,=,1,&,u,p,d,a,t,e,_,o,p,=,l,i,b,r,a,r,y,_,a,d,d,&,i,n,f,o,=,H,i,c,_,k,n,H,t,d,W,c,J,&,e,i,=,c,X,h,1,Z,P,v,e,K,Y,u,G,m,g,H,o,n,7,D,4,D,A,&,j,s,o,n,=,"""",",", ,"""",n,u,m,_,c,i,t,a,t,i,o,n,s,"""",:, ,3,7,",", ,"""",c,i,t,e,d,b,y,_,u,r,l,"""",:, ,"""",/,s,c,h,o,l,a,r,?,c,i,t,e,s,=,7,4,5,5,1,2,5,8,3,0,2,2,2,4,2,3,8,3,8,&,a,s,_,s,d,t,=,5,",",3,3,&,s,c,i,o,d,t,=,0,",",3,3,&,h,l,=,e,n,&,o,e,=,A,S,C,I,I,"""",",", ,"""",u,r,l,_,r,e,l,a,t,e,d,_,a,r,t,i,c,l,e,s,"""",:, ,"""",/,s,c,h,o,l,a,r,?,q,=,r,e,l,a,t,e,d,:,H,i,c,_,k,n,H,t,d,W,c,J,:,s,c,h,o,l,a,r,.,g,o,o,g,l,e,.,c,o,m,/,&,s,c,i,o,q,=,c,a,r,b,o,n,+,c,a,p,t,u,r,e,&,h,l,=,e,n,&,o,e,=,A,S,C,I,I,&,a,s,_,s,d,t,=,0,",",3,3,"""",",", ,"""",e,p,r,i,n,t,_,u,r,l,"""",:, ,"""",h,t,t,p,s,:,/,/,n,e,t,l,.,d,o,e,.,g,o,v,/,s,i,t,e,s,/,d,e,f,a,u,l,t,/,f,i,l,e,s,/,p,u,b,l,i,c,a,t,i,o,n,/,N,E,T,L,-,J,a,n,u,a,r,y,-,2,0,2,3,-,C,a,r,b,o,n,-,C,a,p,t,u,r,e,-,N,e,w,s,l,e,t,t,e,r,.,p,d,f,"""",}
{,"""",c,o,n,t,a,i,n,e,r,_,t,y,p,e,"""",:, ,"""",P,u,b,l,i,c,a,t,i,o,n,"""",",", ,"""",s,o,u,r,c,e,"""",:, ,"""",P,U,B,L,I,C,A,T,I,O,N,_,S,E,A,R,C,H,_,S,N,I,P,P,E,T,"""",",", ,"""",b,i,b,"""",:, ,{,"""",t,i,t,l,e,"""",:, ,"""",C,a,r,b,o,n, ,c,a,p,t,u,r,e, ,a,n,d, ,s,t,o,r,a,g,e,"""",",", ,"""",a,u,t,h,o,r,"""",:, ,[,"""",S, ,R,a,c,k,l,e,y,"""",],",", ,"""",p,u,b,_,y,e,a,r,"""",:, ,"""",2,0,1,7,"""",",", ,"""",v,e,n,u,e,"""",:, ,"""",N,A,"""",",", ,"""",a,b,s,t,r,a,c,t,"""",:, ,"""",T,h,e, ,n,e,x,t, ,c,h,a,p,t,e,r,s, ,f,o,c,u,s, ,o,n, ,k,e,y, ,c,a,r,b,o,n, ,c,a,p,t,u,r,e, ,t,e,c,h,n,o,l,o,g,i,e,s,",", , ,s,e,c,t,i,o,n, ,o,n, ,g,e,o,l,o,g,i,c,a,l, ,s,t,o,r,a,g,e, , ,o,f, ,c,a,r,b,o,n, ,d,i,o,x,i,d,e, ,f,o,l,l,o,w,s,",", ,w,i,t,h, , ,A, ,c,h,a,p,t,e,r, ,o,n, ,c,a,r,b,o,n, ,d,i,o,x,i,d,e, ,t,r,a,n,s,p,o,r,t,a,t,i,o,n, ,i,s, ,a,l,s,o, ,i,n,c,l,u,d,e,d,.,"""",},",", ,"""",f,i,l,l,e,d,"""",:, ,f,a,l,s,e,",", ,"""",g,s,r,a,n,k,"""",:, ,1,1,",", ,"""",p,u,b,_,u,r,l,"""",:, ,"""",h,t,t,p,s,:,/,/,b,o,o,k,s,.,g,o,o,g,l,e,.,c,o,m,/,b,o,o,k,s,?,h,l,=,e,n,&,l,r,=,&,i,d,=,n,Q,G,q,D,Q,A,A,Q,B,A,J,&,o,i,=,f,n,d,&,p,g,=,P,P,1,&,d,q,=,c,a,r,b,o,n,+,c,a,p,t,u,r,e,&,o,t,s,=,W,-,J,2,L,K,h,Y,B,h,&,s,i,g,=,b,h,Y,H,l,E,B,f,z,O,K,T,Q,T,C,U,U,q,y,N,R,t,p,k,d,I,Q,"""",",", ,"""",a,u,t,h,o,r,_,i,d,"""",:, ,[,"""","""",],",", ,"""",u,r,l,_,s,c,h,o,l,a,r,b,i,b,"""",:, ,"""",/,s,c,h,o,l,a,r,?,h,l,=,e,n,&,q,=,i,n,f,o,:,o,0,V,R,_,r,-,K,6,Y,U,J,:,s,c,h,o,l,a,r,.,g,o,o,g,l,e,.,c,o,m,/,&,o,u,t,p,u,t,=,c,i,t,e,&,s,c,i,r,p,=,1,0,&,h,l,=,e,n,"""",",", ,"""",u,r,l,_,a,d,d,_,s,c,l,i,b,"""",:, ,"""",/,c,i,t,a,t,i,o,n,s,?,h,l,=,e,n,&,o,e,=,A,S,C,I,I,&,x,s,r,f,=,&,c,o,n,t,i,n,u,e,=,/,s,c,h,o,l,a,r,%,3,F,q,%,3,D,c,a,r,b,o,n,%,2,B,c,a,p,t,u,r,e,%,2,6,h,l,%,3,D,e,n,%,2,6,o,e,%,3,D,A,S,C,I,I,%,2,6,s,t,a,r,t,%,3,D,1,0,%,2,6,a,s,_,s,d,t,%,3,D,0,",",3,3,&,c,i,t,i,l,m,=,1,&,u,p,d,a,t,e,_,o,p,=,l,i,b,r,a,r,y,_,a,d,d,&,i,n,f,o,=,o,0,V,R,_,r,-,K,6,Y,U,J,&,e,i,=,c,3,h,1,Z,O,m,F,K,8,b,2,m,g,H,K,5,7,_,Y,C,A,&,j,s,o,n,=,"""",",", ,"""",n,u,m,_,c,i,t,a,t,i,o,n,s,"""",:, ,5,5,8,",", ,"""",c,i,t,e,d,b,y,_,u,r,l,"""",:, ,"""",/,s,c,h,o,l,a,r,?,c,i,t,e,s,=,9,6,4,9,3,9,6,2,3,3,8,2,8,1,2,4,0,6,7,&,a,s,_,s,d,t,=,5,",",3,3,&,s,c,i,o,d,t,=,0,",",3,3,&,h,l,=,e,n,&,o,e,=,A,S,C,I,I,"""",",", ,"""",u,r,l,_,r,e,l,a,t,e,d,_,a,r,t,i,c,l,e,s,"""",:, ,"""",/,s,c,h,o,l,a,r,?,q,=,r,e,l,a,t,e,d,:,o,0,V,R,_,r,-,K,6,Y,U,J,:,s,c,h,o,l,a,r,.,g,o,o,g,l,e,.,c,o,m,/,&,s,c,i,o,q,=,c,a,r,b,o,n,+,c,a,p,t,u,r,e,&,h,l,=,e,n,&,o,e,=,A,S,C,I,I,&,a,s,_,s,d,t,=,0,",",3,3,"""",}
